Name,TotalKarma,CommentKarma,DateTime,AdjustedKarma,AdjustedKarmaPercent
Landolph,5368,1,2011-04-07 20:52:15,5367,0.00018628912071535022
Doctor420Strange69,511771,1,2021-03-27 19:46:08,511770,1.953998956564557e-06
boundingalong,9825,1,2015-08-21 07:05:24,9824,0.00010178117048346055
TheGarreth,106071,1,2013-09-03 15:31:30,106070,9.427647519114555e-06
lpisme,133998,1,2011-04-15 20:59:09,133997,7.462797952208242e-06
OrbeaSeven,2548,1,2020-11-07 19:13:21,2547,0.0003924646781789639
tedistkrieg,60782,1,2008-11-26 17:39:18,60781,1.645223914974828e-05
Irritable_Avenger,16157,1,2021-03-04 16:05:21,16156,6.189267809618123e-05
HoboWithoutShotgun,5114,1,2021-05-07 19:44:13,5113,0.00019554165037152912
Summebride,123658,1,2020-02-19 17:49:10,123657,8.086820100600041e-06
Startug,32340,1,2012-08-01 22:19:23,32339,3.0921459492888065e-05
beaurific,4887,1,2016-01-13 19:00:25,4886,0.0002046245140167792
Bonny-Mcmurray,100509,1,2019-01-01 15:41:10,100508,9.949357768956014e-06
sophiasadek,1135,1,2021-07-20 14:16:18,1134,0.000881057268722467
ScotTheDuck,700573,1,2014-09-06 23:23:03,700572,1.4274029972608136e-06
Heavy_Marionberry_66,1929,1,2020-11-28 23:05:14,1928,0.0005184033177812338
JesusSquid,39538,1,2018-06-19 14:57:33,39537,2.5292124032576257e-05
Manny-Both-Hanz,4988,1,2020-11-08 15:38:15,4987,0.00020048115477145148
Puvy,6937,1,2017-06-28 20:40:05,6936,0.00014415453366008361
Bitter-Dirtbag-Lefty,772,1,2020-03-24 19:13:28,771,0.0012953367875647669
SixMoreTing,1360,1,2021-10-13 09:40:19,1359,0.0007352941176470588
trump_stump,3060,1,2019-06-28 12:48:00,3059,0.000326797385620915
Browngeneration7,125,1,2021-04-12 13:23:42,124,0.008
Deep-Papaya-8063,-2,1,2022-03-24 13:27:48,-3,-0.5
derouse,4866,1,2018-07-05 14:05:12,4865,0.0002055076037813399
FalloutPlease,3850,1,2013-04-05 11:56:14,3849,0.00025974025974025974
newsfromthefrontpage,928,1,2019-03-11 17:50:17,927,0.0010775862068965517
mad_bears,2,1,2022-02-17 15:27:41,1,0.5
bsidetracked,19421,1,2017-08-31 16:50:06,19420,5.149065444621801e-05
Short_Mirror8628,9,1,2020-12-09 00:04:22,8,0.1111111111111111
saehay,34,1,2015-02-10 14:22:04,33,0.029411764705882353
Ra_In,37576,1,2012-09-16 11:02:36,37575,2.6612731530764318e-05
drlaina,5,1,2022-02-01 14:05:44,4,0.2
dancingturtleswow,2,1,2021-12-12 22:47:25,1,0.5
Short_Mirror8628,9,1,2020-12-09 00:04:22,8,0.1111111111111111
wil_daven_,281540,1,2016-08-03 12:21:41,281539,3.5518931590537757e-06
IrritableGourmet,154876,1,2009-07-15 18:13:54,154875,6.4567783258865155e-06
sirbissel,104395,1,2013-07-20 12:34:30,104394,9.579002825805834e-06
VanIndigogh,1,1,2020-05-08 00:06:52,0,1.0
Schiffy94,612052,1,2014-01-30 08:06:51,612051,1.6338481044094292e-06
AutoModerator,1000,1,2012-01-05 00:24:28,999,0.001
schrod,16952,1,2008-08-29 10:54:56,16951,5.899008966493629e-05
Gangsta-Penguin,1228,1,2021-11-25 14:36:07,1227,0.0008143322475570033
HouseCravenRaw,327003,1,2018-02-27 07:57:42,327002,3.0580759197927847e-06
CGordini,45822,1,2012-03-08 02:25:27,45821,2.182357819388067e-05
wish1977,240001,1,2021-01-31 09:57:28,240000,4.166649305627893e-06
Burnputin,653,1,2022-03-20 05:10:37,652,0.0015313935681470138
Flying_tOasters123,233,1,2016-11-07 20:30:47,232,0.004291845493562232
StJeanMark,131945,1,2018-11-07 11:34:23,131944,7.578915457198075e-06
keninsd,24780,1,2012-09-16 19:43:16,24779,4.0355125100887815e-05
twovles31,9025,1,2018-02-08 16:20:09,9024,0.00011080332409972299
M00NL16H7_V0Y463,1057,1,2022-03-04 22:15:18,1056,0.000946073793755913
Gockcoblin99,12102,1,2019-09-23 12:17:21,12101,8.263097008758883e-05
one_bad_larry,22828,1,2020-09-28 01:19:21,22827,4.380585246188891e-05
whapitah2021,6693,1,2020-08-09 13:28:11,6692,0.00014940983116689077
Redshift_1,14845,1,2021-05-15 12:15:45,14844,6.736274840013472e-05
cleatusalrightous,3751,1,2021-03-19 12:16:04,3750,0.00026659557451346307
dipatello,15373,1,2013-03-08 00:19:41,15372,6.504911207962011e-05
WeedsInMyMind,88251,1,2018-05-23 07:19:43,88250,1.1331316359021428e-05
Grae60,2453,1,2011-04-04 16:58:35,2452,0.00040766408479412964
Plastic-North-1929,30,1,2020-06-25 08:47:28,29,0.03333333333333333
Sadsh,24474,1,2019-12-24 23:30:46,24473,4.085968783198496e-05
lrpfftt,60562,1,2018-02-02 07:55:51,60561,1.6512004227073082e-05
motownmonkey,241,1,2019-08-21 09:59:10,240,0.004149377593360996
rimjobnemesis,38350,1,2021-12-11 17:15:38,38349,2.607561929595828e-05
shortda59,3809,1,2014-12-07 20:42:33,3808,0.00026253609871357313
SilvertoneButterfly,6030,1,2021-10-12 07:52:02,6029,0.0001658374792703151
Department-Amazing,4873,1,2020-09-10 10:08:43,4872,0.00020521239482864764
High_on_nuke25,189,1,2022-03-19 23:13:38,188,0.005291005291005291
PepeSylvia11,343301,1,2012-09-03 22:37:22,343300,2.9128956804669956e-06
11thstalley,69968,1,2019-08-17 15:16:34,69967,1.4292247884747313e-05
rufud,35741,1,2011-12-14 02:03:04,35740,2.797907165440251e-05
ThaxReston,733,1,2018-08-20 09:41:12,732,0.001364256480218281
Gnawzy8ed,4389,1,2012-05-18 11:26:47,4388,0.000227842333105491
Rhezz91,1431,1,2015-11-09 20:07:55,1430,0.0006988120195667365
COVID-69420bbq,30788,1,2020-11-23 12:22:38,30787,3.248018708587761e-05
Neverkn0wsbest-11,3761,1,2022-03-20 23:57:26,3760,0.00026588673225206064
notjackwhite1,197,1,2019-12-10 20:12:34,196,0.005076142131979695
true-skeptic,81365,1,2020-02-20 22:27:30,81364,1.2290296810667977e-05
HopefullyMD_PhD,1159,1,2018-07-26 14:05:06,1158,0.0008628127696289905
Rock_Start2198,71,1,2022-03-20 07:33:15,70,0.014084507042253521
No-Context8443,5475,1,2020-11-16 14:48:48,5474,0.00018264840182648402
Legionnaire77,15338,1,2018-07-15 14:47:28,15337,6.519754857217368e-05
Trooon_Harpooon,938,1,2022-03-09 15:15:22,937,0.0010660980810234541
Lokito_,65286,1,2019-12-30 12:52:51,65285,1.5317219618294886e-05
NancyPelBroski,24980,1,2018-11-19 09:34:46,24979,4.00320256204964e-05
No_Bed7588,64,1,2022-02-09 11:59:44,63,0.015625
greiton,60749,1,2011-02-27 18:17:27,60748,1.6461176315659518e-05
hypnocentrism,24010,1,2021-05-06 18:46:13,24009,4.1649312786339026e-05
grinning_man,6231,1,2019-02-28 10:04:20,6230,0.00016048788316482104
spatuiala,95,1,2022-02-27 22:58:32,94,0.010526315789473684
joebab,4149,1,2012-05-29 13:12:20,4148,0.00024102193299590263
301227W,2089,1,2022-01-17 02:32:26,2088,0.0004786979415988511
smackingthehoes,169,1,2022-03-17 02:52:19,168,0.005917159763313609
MrNiceBot,5,1,2022-01-16 23:11:41,4,0.2
The-Figure-13,28892,1,2019-04-06 11:06:04,28891,3.461165720614703e-05
BabylonianProstitue,55836,1,2022-01-21 11:06:53,55835,1.7909592377677483e-05
imakeholesinu,163390,1,2011-10-04 11:36:45,163389,6.12032560132199e-06
TidyPileOfBones,4416,1,2021-05-20 11:06:03,4415,0.00022644927536231884
georgelopezlololol,1119,1,2020-08-02 22:49:11,1118,0.0008936550491510277
barth2585,1313,1,2022-01-14 23:56:53,1312,0.0007616146230007616
Mr_Stiel,2635,1,2020-08-31 17:18:52,2634,0.0003795066413662239
kimbou812,45,1,2020-10-15 10:08:41,44,0.022222222222222223
tlsr,24490,1,2010-03-28 09:16:05,24489,4.083299305839118e-05
GreyTigerFox,21297,1,2014-10-18 21:14:38,21296,4.6954970183593935e-05
Dry-Trust2617,13,1,2022-02-10 22:54:10,12,0.07692307692307693
nojabroniesallowed,2630,1,2018-01-15 02:56:14,2629,0.00038022813688212925
Tarterus1454,4833,1,2020-12-30 21:12:33,4832,0.0002069108214359611
chockedup,4101,1,2019-04-02 19:35:04,4100,0.000243842965130456
Levowitz159,40485,1,2018-04-20 17:41:29,40484,2.4700506360380388e-05
Ill-Thing3134,758,1,2021-07-12 11:52:58,757,0.0013192612137203166
Ps4sucksballs,3898,1,2015-01-26 00:56:53,3897,0.0002565418163160595
raven402,1774,1,2018-09-26 09:55:41,1773,0.0005636978579481398
MediuhmHope,-48,1,2022-03-06 18:57:35,-49,-0.020833333333333332
XTrumpX,12943,1,2016-03-07 20:32:47,12942,7.726184037703778e-05
rbiv908,2478,1,2019-03-25 14:58:19,2477,0.0004035512510088781
Eco-Echo,19280,1,2020-03-18 16:21:38,19279,5.186721991701245e-05
Puzzled_Ad2088,24770,1,2021-02-24 18:34:41,24769,4.037141703673799e-05
Illustrious_Hawk8793,66,1,2020-12-05 12:59:11,65,0.015151515151515152
DayThat3197,2378,1,2021-05-13 09:14:27,2377,0.00042052144659377626
DustyHound,14422,1,2018-05-05 19:45:45,14421,6.933851060879212e-05
lliH-knaH,14928,1,2020-04-01 21:51:21,14927,6.69882100750268e-05
Nutriai,1547,1,2020-10-03 22:12:16,1546,0.0006464124111182935
sailhard22,9722,1,2017-09-10 19:14:20,9721,0.00010285949393128986
EatMoreWaters,2624,1,2018-09-15 10:53:03,2623,0.00038109756097560977
AbsoIum,8685,1,2013-09-26 20:06:42,8684,0.00011514104778353483
CandidEstablishment0,28901,1,2020-05-23 13:29:35,28900,3.46008788623231e-05
Wolfman01a,660,1,2021-11-19 21:51:35,659,0.0015151515151515152
dirtyrudy,16902,1,2018-01-17 21:59:10,16901,5.9164595905809965e-05
doiwantacookie,1444,1,2014-05-12 21:14:28,1443,0.0006925207756232687
SporkOfThor,114155,1,2010-01-24 15:07:53,114154,8.760019272042398e-06
turningandburning45,9129,1,2017-08-25 17:05:44,9128,0.00010954102311315588
FosterFl1910,5070,1,2021-02-19 02:18:27,5069,0.0001972386587771203
Stoplizardtrump3,8258,1,2021-12-31 04:00:08,8257,0.0001210946960523129
Emotional-Coffee13,12684,1,2020-11-28 20:18:10,12683,7.883948281299275e-05
Graylien_Alien,53330,1,2013-01-21 19:43:23,53329,1.8751171948246766e-05
SpamWalrus91,3975,1,2022-02-02 00:35:16,3974,0.00025157232704402514
Significant_Tie6525,146,1,2021-01-21 20:10:39,145,0.00684931506849315
grumpynotmad,1249,1,2016-07-23 16:53:33,1248,0.0008006405124099279
shawn1019,5014,1,2018-07-23 17:51:17,5013,0.00019944156362185878
Phreekyj101,11793,1,2021-07-26 18:31:52,11792,8.479606546256254e-05
worldlypixie,332,1,2021-02-27 21:00:59,331,0.0030120481927710845
ButterSock123,4348,1,2020-03-14 13:41:46,4347,0.00022999080036798528
Aware-Salamander-578,23,1,2022-02-06 08:53:07,22,0.043478260869565216
xSikes,5058,1,2015-01-16 01:21:32,5057,0.00019770660340055358
SnooHesitations2672,-12,1,2020-08-15 16:12:17,-13,-0.08333333333333333
Syzygy_Arcana,36,1,2022-03-16 11:39:13,35,0.027777777777777776
gogenberg,12073,1,2017-06-08 02:34:04,12072,8.282945415389712e-05
PitLevSong,98,1,2020-11-27 18:48:54,97,0.01020408163265306
media99devices,40,1,2022-03-20 06:44:34,39,0.025
middlechildanonymous,4525,1,2017-09-14 19:34:21,4524,0.00022099447513812155
1980ryan,792,1,2019-10-04 14:07:30,791,0.0012626262626262627
Gallowbloob,6035,1,2015-08-17 02:43:47,6034,0.00016570008285004143
Aluliman,38972,1,2019-12-25 11:47:57,38971,2.5659447808683157e-05
Akiba89,163980,1,2010-11-04 16:54:13,163979,6.098304671301378e-06
justforyoumang,9387,1,2016-03-19 22:08:02,9386,0.00010653030787258975
MrEpicMustache,8383,1,2014-05-11 19:19:10,8382,0.00011928903733746869
Chloe-s_mom2020,1044,1,2020-10-13 11:40:49,1043,0.0009578544061302681
Cloaked42m,467203,1,2016-07-26 18:57:26,467202,2.140397214915144e-06
unicorncouple,706,1,2017-12-21 20:06:23,705,0.00141643059490085
Durandal7777,2389,1,2015-05-18 17:49:14,2388,0.0004185851820845542
jb69029,91667,1,2012-07-12 22:53:09,91666,1.0909051239813674e-05
Forsaken-Welcome-789,5,1,2021-01-27 10:43:29,4,0.2
ravenatmore,468,1,2018-05-07 14:43:48,467,0.002136752136752137
jpritchard,228050,1,2012-06-07 15:49:01,228049,4.385003288752466e-06
StatusKoi,12323,1,2014-07-22 00:23:22,12322,8.114907084313884e-05
huhIguess,43565,1,2018-06-14 18:53:51,43564,2.295420635831516e-05
mikie_72601,208,1,2022-03-21 16:46:41,207,0.004807692307692308
dolphin37,72135,1,2015-06-24 14:38:23,72134,1.3862895958965827e-05
IndigoSkyfall,801,1,2022-02-19 18:22:03,800,0.0012484394506866417
AutoModerator,1000,1,2012-01-05 00:24:28,999,0.001
codacoda74,20294,5596,2016-03-10 14:25:39,14698,0.27574652606681777
bigdon802,110686,6973,2017-05-18 09:40:17,103713,0.0629980304645574
J0hnk377y,6703,4740,2012-12-01 20:09:30,1963,0.7071460540056691
Chi-Guy86,79558,1995,2020-10-08 17:48:37,77563,0.025076045149450714
PM_ME_VENUS_DIMPLES,94950,650,2017-09-14 09:15:30,94300,0.006845708267509215
NathanQ,1327,439,2012-02-23 10:37:40,888,0.3308214016578749
KingdomOfBullshit,7297,1494,2016-04-21 09:56:02,5803,0.20474167466081952
inconsistent3,33062,748,2021-11-15 11:46:04,32314,0.022624160667836186
Hyceanplanet,138550,884,2021-11-23 16:46:08,137666,0.006380368098159509
TheRyeWall,30434,126,2011-04-08 18:46:10,30308,0.004140106459880397
5th_attempt,1054,281,2022-02-25 22:33:32,773,0.2666034155597723
bigsignwave,2372,1,2016-10-12 07:19:44,2371,0.00042158516020236085
winthropsmokewagon,1135,104,2022-03-14 10:34:19,1031,0.09162995594713656
gheezer123,59153,181,2020-05-02 15:55:26,58972,0.003059861714536879
NealSamuels1967,8141,125,2017-09-24 13:10:38,8016,0.015354379068910453
Jonnny,21756,33,2008-08-02 03:02:36,21723,0.001516822945394374
kywiking,29542,10,2020-10-21 12:18:41,29532,0.0003385011170536863
ardistry,17648,11,2017-06-26 23:45:05,17637,0.0006233000906618314
ragingclaw,11789,11,2013-01-29 14:03:15,11778,0.0009330732038340826
Ayirek,15667,1,2020-04-23 16:47:07,15666,6.382842918235782e-05
Strive--,26466,1,2017-04-16 06:52:41,26465,3.778432706113504e-05
Changeurblinkerfluid,18759,8,2020-10-19 20:37:55,18751,0.0004264619649235034
BusterStarfish,11492,7,2016-01-21 22:25:14,11485,0.0006091193873999304
Zzytona,1745,32,2021-07-05 21:25:44,1713,0.01833810888252149
uftftyfyf,64,7,2022-03-20 15:44:29,57,0.109375
GamingTrend,76412,1,2006-08-08 01:49:14,76411,1.3086949693765377e-05
jghhjfhkjfgf,581,1,2022-03-20 06:31:58,580,0.0017211703958691911
apeHype,219,55,2021-05-12 08:32:26,164,0.2511415525114155
BloodyMess,121022,16,2010-09-24 04:02:35,121006,0.0001322073672555403
Denver-Ski,14215,1,2019-12-24 10:02:25,14214,7.034822370735139e-05
CHOOCHOOCHOACH,382,1,2021-05-21 07:55:12,381,0.002617801047120419
Predzilla008,1033,1,2020-10-30 00:06:24,1032,0.000968054211035818
ivyagogo,13298,1,2013-04-17 13:32:56,13297,7.519927808693036e-05
itemNineExists,22840,11,2013-03-02 01:08:50,22829,0.00048161120840630475
rubbadubbdubbb,18,4,2020-11-02 14:39:13,14,0.2222222222222222
captainhaddock,311675,4,2007-06-07 03:47:40,311671,1.2833881447020132e-05
bad_take_,5409,4,2020-11-13 12:35:53,5405,0.0007395082270290257
aunt_vodka,7066,3,2016-07-20 20:02:28,7063,0.00042456835550523637
The_Grapes_of_Ralph,8,3,2021-12-18 17:16:48,5,0.375
salamanderpencil,117423,1,2017-05-09 22:07:28,117422,8.516219139350894e-06
BlazingLazers69,7194,1,2021-02-24 00:44:53,7193,0.00013900472616068947
poky2017,4090,1,2017-06-11 11:02:01,4089,0.00024449877750611245
houstonyoureaproblem,36195,1,2015-12-16 00:41:45,36194,2.762812543168946e-05
Boopy7,58361,1,2017-03-29 22:12:16,58360,1.7134730385017392e-05
Meb2x,10792,1,2018-04-18 12:35:54,10791,9.266123054114158e-05
Winter_Soldat,29620,1,2013-03-18 17:22:11,29619,3.37609723160027e-05
Vigorously_Swish,27283,1,2018-05-07 23:53:06,27282,3.6652860755781986e-05
Night-Mage,740,13,2014-12-17 00:01:00,727,0.01756756756756757
MaximumEffort433,1885899,24,2016-08-15 12:55:51,1885875,1.2726026155165256e-05
Lalahartma,11658,3,2018-02-20 12:29:56,11655,0.0002573340195573855
rfs103181,16579,3,2015-09-11 00:56:06,16576,0.00018095180650220158
PhilDunphyYo666,4548,1,2021-08-11 14:02:35,4547,0.00021987686895338611
Tekwardo,63769,1,2017-12-10 21:42:26,63768,1.56816007778074e-05
zestful_villain,11928,1,2019-05-16 11:43:49,11927,8.383635144198524e-05
Bob4Not,25208,1,2017-10-10 23:58:18,25207,3.966994604887337e-05
tabaK23,16007,1,2015-10-14 14:57:55,16006,6.247266820765915e-05
IamFrom2145,28603,1,2018-12-23 21:31:23,28602,3.496136768870398e-05
Ok-Conversation-9982,318,1,2021-01-10 21:13:14,317,0.0031446540880503146
s4burf,14323,1,2015-11-01 10:19:21,14322,6.981777560566921e-05
LazarusKing,32517,1,2017-01-26 12:56:02,32516,3.075314450902605e-05
rcam24,227,1,2020-10-20 11:43:55,226,0.004405286343612335
HNL2BOS,31835,1,2013-08-07 19:54:27,31834,3.1411967959792684e-05
random_sociopath,11741,1,2020-02-09 09:52:26,11740,8.517162081594413e-05
tcote2001,1294,1,2022-01-04 07:20:46,1293,0.0007727975270479134
Nick_from_Yuma,2630,1,2021-07-29 18:09:27,2629,0.00038022813688212925
Unhappy-Buyer1487,140,1,2021-02-01 16:04:33,139,0.007142857142857143
RexPowerColt69,1149,1,2014-06-29 19:12:43,1148,0.0008703220191470844
RedditMayne,447579,1,2013-04-19 19:33:31,447578,2.234242446584849e-06
AutoModerator,1000,1,2012-01-05 00:24:28,999,0.001
Yeeaaaarrrgh,740536,1,2008-12-07 08:01:17,740535,1.3503732431644106e-06
smedlap,25077,1,2014-11-19 23:46:09,25076,3.987717829086414e-05
TexasITdude71,50389,1,2021-09-11 12:47:09,50388,1.9845601222489034e-05
Awkward_Stranger_382,5375,1,2022-03-01 18:24:35,5374,0.00018604651162790697
_littlestitious,152172,1,2017-12-15 09:57:54,152171,6.571511184712037e-06
widowdogood,47570,1,2008-08-11 23:14:55,47569,2.1021652301870926e-05
TidyPileOfBones,4416,1,2021-05-20 11:06:03,4415,0.00022644927536231884
jwteoh,167734,1,2017-06-26 07:49:37,167733,5.961820501508341e-06
-Great-Scott-,13635,1,2015-06-03 19:45:58,13634,7.334066740007334e-05
NFT_MarketMaker,1054,1,2021-12-13 19:33:25,1053,0.0009487666034155598
TheNightlightZone,103162,1,2015-02-16 18:59:45,103161,9.693491789612455e-06
echochillin,4125,1,2019-07-10 03:49:19,4124,0.00024242424242424242
Nervous-Profile4729,5938,1,2021-02-10 03:57:21,5937,0.0001684068710003368
freshkangaroo28,7287,1,2019-08-25 08:54:28,7286,0.00013723068478111705
revtim,37192,1,2007-02-18 10:43:45,37191,2.688750268875027e-05
Dorrbrook,32,1,2022-03-18 16:28:17,31,0.03125
Low-Audience1206,460,1,2021-02-25 12:46:15,459,0.002173913043478261
Spelunkingpunk,35654,1,2014-01-06 21:08:42,35653,2.8047343916531105e-05
mconnor1984,7032,1,2020-09-03 22:34:17,7031,0.0001422070534698521
TX7441107,2597,1,2021-06-03 16:39:10,2596,0.0003850596842510589
sdavidow,6326,1,2006-11-03 11:32:12,6325,0.00015807777426493836
CGordini,45828,1,2012-03-08 02:25:27,45827,2.1820720956620407e-05
90daylimitedwarranty,2101,1,2021-03-01 12:16:32,2100,0.00047596382674916705
ThaxReston,733,1,2018-08-20 09:41:12,732,0.001364256480218281
Th3B055,20853,1,2014-07-30 06:22:51,20852,4.795473073418693e-05
Sighwtfman,34342,1,2018-10-24 10:08:55,34341,2.9118863199580687e-05
poor_choice_doer,333,1,2022-02-24 02:35:06,332,0.003003003003003003
selkiesidhe,39093,1,2015-08-23 13:15:00,39092,2.5580027114828743e-05
Junkstar,278829,1,2010-12-13 06:38:11,278828,3.586427523679388e-06
TheBeTalls,3134,1,2022-02-03 15:01:48,3133,0.0003190810465858328
p8ntsplat,1765,1,2021-06-30 17:23:35,1764,0.0005665722379603399
muns4colleg,24871,1,2015-11-06 17:53:18,24870,4.0207470548027825e-05
heretrythiscoffee,1163,1,2022-03-14 18:45:36,1162,0.0008598452278589854
alpha69,80958,1,2010-05-28 10:22:15,80957,1.2352083796536475e-05
RockMeIshmael,20835,1,2013-10-16 18:36:36,20834,4.7996160307175425e-05
rbiv908,2478,1,2019-03-25 14:58:19,2477,0.0004035512510088781
Significant-Ebb3147,88,1,2021-08-17 21:54:38,87,0.011363636363636364
flatworldart,26192,1,2012-10-20 07:13:04,26191,3.8179596823457546e-05
The_REAL_McWeasel,17063,1,2021-07-10 07:53:33,17062,5.86063412061185e-05
Ven18,84058,1,2017-04-02 12:21:39,84057,1.189654762188013e-05
TXVotes,-72,1,2016-10-24 11:05:38,-73,-0.013888888888888888
Emotional-Coffee13,12684,1,2020-11-28 20:18:10,12683,7.883948281299275e-05
inthemindofadogg,20282,1,2018-03-06 18:15:12,20281,4.9304802287742826e-05
tccomplete,24645,1,2018-12-26 14:36:55,24644,4.057618178129438e-05
upfromashes,34346,1,2020-03-14 11:33:31,34345,2.91154719618005e-05
OneHumanPeOple,65410,1,2021-11-11 09:09:21,65409,1.5288182235132244e-05
iGigaBits,1160,1,2012-04-28 22:37:20,1159,0.0008620689655172414
AutoModerator,1000,1,2012-01-05 00:24:28,999,0.001
brianbo402,45197,1859,2016-12-07 18:44:19,43338,0.04113104852091953
Spelunkingpunk,35654,513,2014-01-06 21:08:42,35141,0.014388287429180456
Nadmania,80916,734,2019-01-01 15:56:25,80182,0.009071135498541697
kremit73,20121,35,2012-06-22 11:28:11,20086,0.0017394761691764823
30mil,21985,66,2018-04-07 11:37:00,21919,0.0030020468501250853
SHOOOOPdoop,7509,92,2021-01-31 21:51:24,7417,0.012251964309495272
fergablu2,57220,17,2019-07-23 15:40:37,57203,0.0002970989164627753
full-body-stretch,8110,16,2018-11-01 22:00:26,8094,0.001972872996300863
ScienceBreather,259090,47,2018-01-29 08:49:21,259043,0.00018140414527770274
ttgx1000,41360,14,2013-02-20 22:43:32,41346,0.00033849129593810443
captaingold94,714,12,2020-10-21 06:31:28,702,0.01680672268907563
staywokeordie,1210,9,2016-12-13 06:27:16,1201,0.00743801652892562
Burgerpocolypse,2130,1,2021-03-22 22:55:22,2129,0.00046948356807511736
EgberetSouse,38507,10,2020-08-17 09:28:04,38497,0.0002596930428233828
Beforemath,125802,1,2015-08-29 21:42:37,125801,7.948999220998076e-06
bndboo,56403,6,2019-07-13 15:38:24,56397,0.00010637732035530025
MaLu388,23547,1,2021-01-27 09:59:16,23546,4.2468254979402894e-05
_VibeKilla_,14898,1,2017-02-18 22:22:47,14897,6.712310377231843e-05
shadowdra126,111532,1,2012-05-26 01:21:25,111531,8.966036653157838e-06
tom_snout,7538,1,2013-09-18 16:36:28,7537,0.00013266118333775536
whatifiwasapuppet,3198,1,2021-12-08 13:53:24,3197,0.00031269543464665416
Phreekyj101,11793,1,2021-07-26 18:31:52,11792,8.479606546256254e-05
CheifGroundhog,14588,1,2019-11-05 00:54:05,14587,6.854949273375377e-05
ThreadbareHalo,98024,1,2009-01-26 14:08:42,98023,1.0201583285725945e-05
dingletonshire,12806,1,2016-10-06 01:24:29,12805,7.808839606434484e-05
Olderscout77,2985,1,2021-08-02 07:51:37,2984,0.00033500837520938025
ZomNomNomBeeZ,335411,1,2014-03-24 21:02:30,335410,2.9814168289054325e-06
inmeucu,28669,1,2016-04-24 20:30:13,28668,3.4880881788691616e-05
TheSnackWrangler,744,1,2014-08-03 23:25:58,743,0.0013440860215053765
ChaseThoseDreams,24945,1,2020-04-08 12:37:00,24944,4.008819402685909e-05
Every-Manufacturer88,4613,11,2021-02-07 21:40:57,4602,0.002384565358768697
wongguy6996,212,2,2020-01-24 12:09:07,210,0.009433962264150943
copylefty,2368,1,2010-10-21 11:54:40,2367,0.0004222972972972973
Fernway67,4043,1,2020-05-24 14:57:34,4042,0.0002473410833539451
houstonyoureaproblem,36195,1,2015-12-16 00:41:45,36194,2.762812543168946e-05
ZeroExist,17,1,2022-02-20 08:05:38,16,0.058823529411764705
PineconeFactory,5140,1,2020-10-20 15:52:34,5139,0.0001945525291828794
FloozyFoot,13601,1,2019-06-18 09:01:56,13600,7.352400558782443e-05
Big_Dragonfruit9719,1315,1,2020-12-27 12:33:46,1314,0.0007604562737642585
latergator1177,11,1,2022-03-15 12:36:01,10,0.09090909090909091
Zat00p3k,2792,1,2019-07-29 19:58:21,2791,0.00035816618911174784
rootswithwings,41,1,2019-06-03 11:51:33,40,0.024390243902439025
Interesting-Ad-2539,1087,2,2020-10-26 12:11:10,1085,0.0018399264029438822
turlockmike,24994,1,2010-10-25 02:30:21,24993,4.000960230455309e-05
snpi,26227,1,2015-08-17 22:14:46,26226,3.81286460517787e-05
in-the-other-hole,3887,1,2021-07-31 15:47:59,3886,0.0002572678157962439
idiologus,686,1,2017-12-16 09:14:54,685,0.0014577259475218659
wes7946,13608,-13,2019-08-21 19:19:28,13621,-0.0009553203997648442
GorillaEstefan,8627,1,2011-10-21 11:03:51,8626,0.0001159151501101194
tjt169,6997,1,2015-07-02 12:08:46,6996,0.00014291839359725596
Coolector,29989,1,2017-05-18 19:57:02,29988,3.334556003868085e-05
deweydecimal111,4704,1,2021-11-01 21:30:14,4703,0.00021258503401360543
Audio_Track_01,9574,1,2018-10-18 09:56:26,9573,0.00010444955086693127
Sad_Government_1222,89,1,2021-03-09 18:56:32,88,0.011235955056179775
Dolorisedd,24296,1,2021-05-21 16:32:51,24295,4.115903852486006e-05
Strenue,72226,1,2015-01-28 08:24:21,72225,1.3845429623681222e-05
brucehat,1093,1,2020-06-04 18:44:05,1092,0.0009149130832570906
dustinius_,4113,1,2020-08-09 11:11:35,4112,0.00024313153415998054
neverinallmylife,1267,1,2018-07-03 17:05:16,1266,0.0007892659826361484
aft_punk,28648,1,2016-10-01 13:52:21,28647,3.490645071209159e-05
toastymarbles,70850,1,2017-04-17 12:42:56,70849,1.4114326040931545e-05
SgtSiggy,43889,1,2013-03-22 13:44:29,43888,2.27847524436647e-05
Amally20,327,1,2020-11-30 20:47:44,326,0.0030581039755351682
Faacy,7532,1,2013-12-13 07:43:24,7531,0.0001327668613913967
GaWonder,2,1,2021-12-19 11:32:56,1,0.5
oced2001,228311,1,2009-10-14 12:06:12,228310,4.379990451620816e-06
epidemica,192971,1,2013-11-13 08:53:33,192970,5.182125811650455e-06
basketmaker3000,335,1,2022-01-02 18:48:54,334,0.0029850746268656717
zestzebra,8071,1,2021-08-04 17:40:15,8070,0.00012390038409119069
CherryBlaster,28301,1,2013-06-13 13:40:56,28300,3.5334440479135016e-05
decaboniized,50529,1,2014-11-09 04:21:05,50528,1.9790615290229372e-05
Speculawyer,93930,1,2021-09-12 13:04:45,93929,1.0646225912913872e-05
TrotNixonsGrundle,997,1,2022-02-10 09:31:18,996,0.0010030090270812437
burnzie1390,2002,1,2013-02-12 23:06:34,2001,0.0004995004995004995
Ikickhobbits,847,1,2022-02-21 15:09:32,846,0.0011806375442739079
pericles123,142569,1,2014-09-02 16:55:28,142568,7.0141475355792634e-06
MasteroChieftan,362806,1,2016-04-06 17:54:36,362805,2.7562939973429326e-06
_A_ioi_,23234,1,2018-09-30 15:16:49,23233,4.3040371868812945e-05
Jeep_Girl_2000,1497,1,2020-10-05 09:38:02,1496,0.0006680026720106881
Ffsrlyyrufurrreel,144,1,2022-01-04 09:13:36,143,0.006944444444444444
stainless10FP,425,1,2019-04-04 20:52:23,424,0.002352941176470588
Terrible-Wrangler-32,1122,1,2021-08-18 16:35:44,1121,0.00089126559714795
OLPopsAdelphia,2347,1,2020-11-17 19:35:00,2346,0.00042607584149978694
keep-it-real2021,880,1,2021-12-24 17:16:04,879,0.0011363636363636363
Immediate-Assist-598,6815,1,2021-04-22 15:24:45,6814,0.0001467351430667645
chalkoutlin3,23784,1,2013-01-09 03:08:26,23783,4.2045072317524387e-05
jacob1273,8734,1,2018-03-04 12:41:06,8733,0.0001144950767117014
Upper_Pie_6097,1610,1,2020-06-21 21:48:46,1609,0.0006211180124223603
egj2wa,34283,1,2014-01-16 13:54:30,34282,2.916897587725695e-05
SplashManJB,274,1,2021-01-05 16:40:58,273,0.0036496350364963502
ResponsibilityDue448,53663,1,2020-12-15 02:30:53,53662,1.8634813558690344e-05
purkel,1315,1,2012-04-23 20:47:30,1314,0.0007604562737642585
Hookherbackup,49714,1,2020-08-25 21:31:59,49713,2.0115058132518e-05
jordiculous,17901,1,2007-02-26 18:32:15,17900,5.5862800960840175e-05
Altruistic_Zebra_452,2,1,2020-08-26 21:47:10,1,0.5
EmeraldTriage,17223,1,2020-11-24 23:24:59,17222,5.806189397898159e-05
analognewb,15179,1,2020-07-12 21:37:51,15178,6.588049278608604e-05
pdb_dot_set_trace,383,1,2022-03-03 11:40:55,382,0.0026109660574412533
I-Demand-A-Name,48769,1,2019-03-04 01:05:56,48768,2.0504828887202936e-05
jffblm74,8759,1,2018-03-10 16:34:45,8758,0.00011416828405069072
Rocketdog3,406,1,2016-12-18 12:45:30,405,0.0024630541871921183
LukewarmScientology,83,1,2022-02-21 21:20:47,82,0.012048192771084338
VenetianJack,178,1,2022-03-04 19:39:18,177,0.0056179775280898875
HeyJerf,4755,1,2019-12-02 18:58:04,4754,0.0002103049421661409
bougieman9999,-19,1,2021-03-22 13:31:10,-20,-0.05263157894736842
Willzohh,56909,1,2019-06-18 17:43:12,56908,1.7571913054174207e-05
throwaway_circus,188585,1,2015-10-12 16:55:12,188584,5.30264867301217e-06
PsychologicalBar1553,15,1,2021-02-10 00:34:06,14,0.06666666666666667
BiffySkipwell,32553,1,2011-09-15 07:10:28,32552,3.0719134949159833e-05
Swimming_Excuse4655,6551,1,2021-11-05 08:34:18,6550,0.00015264845061822624
originaltec,13006,1,2018-10-25 14:01:41,13005,7.688759034291866e-05
theleftandright,765,1,2022-02-28 08:11:05,764,0.00130718954248366
AnimalAllusion,6356,1,2021-10-22 21:56:31,6355,0.00015733165512901197
Patrickocean401,6534,1,2019-05-31 19:52:59,6533,0.00015304560759106213
TerpeneProfile,4461,1,2019-07-10 13:08:02,4460,0.00022416498542927594
Zealousideal-Bell-47,10255,1,2020-10-21 22:48:39,10254,9.751340809361287e-05
morbid_laughter,5619,1,2017-03-15 10:24:32,5618,0.0001779676098949991
right_bank_cafe,2207,1,2012-01-30 01:28:11,2206,0.00045310376076121433
randomcanyon,55621,1,2011-11-15 18:45:22,55620,1.797882094892217e-05
JohnArtemus,21123,1,2018-06-12 18:14:58,21122,4.7341760166643e-05
Clear_Bluebird3217,3869,1,2021-02-27 09:49:17,3868,0.0002584647195657793
claito_nord,9467,1,2017-05-20 12:41:34,9466,0.00010563008344776593
polebridge,2776,1,2007-12-18 22:55:28,2775,0.00036023054755043225
rougekhmero,35531,1,2013-09-05 00:06:12,35530,2.8144437251977146e-05
aerospikesRcoolBut,11959,1,2020-03-29 21:27:15,11958,8.361903169161301e-05
sausage_ditka_bulls,323938,1,2016-03-15 13:01:43,323937,3.08701047731356e-06
MTDS75,13155,1,2021-05-16 13:18:03,13154,7.601672367920942e-05
davidunal,3510,1,2018-03-07 01:05:04,3509,0.0002849002849002849
JamalPancakes,7102,1,2015-01-07 10:41:34,7101,0.000140805406927626
Nyrfan2017,31255,1,2017-02-06 13:34:22,31254,3.199488081906895e-05
LogicalContribution5,1417,1,2021-03-30 12:56:17,1416,0.0007057163020465773
Admiralty86,20506,1,2021-01-22 05:32:55,20505,4.876621476640983e-05
batkave,12610,1,2017-01-16 16:13:40,12609,7.930214115781126e-05
ThesilentmajorityCAN,117,1,2020-07-26 01:20:18,116,0.008547008547008548
Allgoodindahood419,1038,1,2021-11-18 12:14:03,1037,0.0009633911368015414
curse1x,1165,1,2019-09-06 09:24:49,1164,0.0008583690987124463
not-on-my-watchy,740,1,2020-10-01 02:07:09,739,0.0013513513513513514
Meercatnipslip,11371,1,2016-10-17 23:16:40,11370,8.79430129276229e-05
tlhsg,951,1,2017-05-24 08:49:31,950,0.0010515247108307045
Joe-Not-Slow,3400,1,2019-04-30 23:32:18,3399,0.0002941176470588235
ernestosoi,119,1,2020-08-07 12:27:22,118,0.008403361344537815
Javasteam,13639,1,2020-08-26 11:04:24,13638,7.331915829606276e-05
alkair20,14526,1,2018-11-02 11:53:25,14525,6.884207627702051e-05
DesignerBluebird7402,-7,1,2021-04-11 18:55:55,-8,-0.14285714285714285
ravenatmore,468,1,2018-05-07 14:43:48,467,0.002136752136752137
jinladen040,18478,-14,2014-10-29 09:12:02,18492,-0.0007576577551683082
CandyBummer,-30,1,2022-01-20 06:53:32,-31,-0.03333333333333333
immanuel79,32172,1,2014-08-28 19:31:57,32171,3.108292925525301e-05
Sirdwhite,-82,1,2021-01-28 10:54:08,-83,-0.012195121951219513
I_Never_Use_Slash_S,53292,1,2017-07-15 12:57:33,53291,1.876454252045335e-05
Actual__Wizard,247165,1,2018-07-11 19:50:07,247164,4.045880282402444e-06
afedbeats,2436,1,2019-01-28 15:09:51,2435,0.00041050903119868636
AutoModerator,1000,1,2012-01-05 00:24:28,999,0.001
News2016,84583,1,2016-02-18 16:04:40,84582,1.1822706690469716e-05
News2016,84583,1,2016-02-18 16:04:40,84582,1.1822706690469716e-05
Yodelaheehooo,597,1,2021-06-08 21:37:06,596,0.0016750418760469012
ochregeist,24123,1,2022-02-25 01:36:07,24122,4.1454213820834885e-05
AssumeItsSarcastic,102640,1,2017-11-08 11:33:07,102639,9.742790335151988e-06
GlassJoe32,53875,1,2018-01-06 15:58:57,53874,1.8561484918793502e-05
altmaltacc,227388,1,2020-03-22 16:38:48,227387,4.397769451334283e-06
Annahsbananas,92609,1,2014-04-28 17:42:41,92608,1.0798086579058192e-05
OregonTripleBeam,151458,1,2016-08-16 01:05:11,151457,6.602490459401286e-06
DilliciousPrickle,18190,1,2022-01-24 21:45:22,18189,5.497526113249038e-05
Clownsinmypantz,9511,1,2022-01-29 21:44:28,9510,0.00010514141520344864
historymajor44,673243,1,2012-03-04 18:51:47,673242,1.4853477867575303e-06
Aluliman,38973,1,2019-12-25 11:47:57,38972,2.5658789418315243e-05
uftftyfyf,64,1,2022-03-20 15:44:29,63,0.015625
Mega-Balls,2055,1,2022-03-16 10:16:44,2054,0.00048661800486618007
BurnedOutStars,46879,1,2021-09-12 17:37:35,46878,2.1331513044220225e-05
Kjellvb1979,23356,1,2015-11-22 03:50:58,23355,4.2815550607980816e-05
dnz000,21669,1,2016-01-20 15:41:03,21668,4.614887627486271e-05
TheRentCollectr,1757,1,2018-07-29 16:57:24,1756,0.0005691519635742744
flimflammed,9312,1,2011-07-29 17:38:16,9311,0.00010738831615120275
shadowguise,124966,1,2010-11-30 21:45:51,124965,8.002176592033033e-06
VoteRevan4Emperor,19631,1,2020-05-04 12:07:16,19630,5.093984004890225e-05
Special_FX_B,20974,1,2021-03-14 15:32:08,20973,4.7678077619910363e-05
1847usa,279,1,2020-06-14 15:56:32,278,0.0035842293906810036
autotldr,2982935,1,2012-01-30 11:39:40,2982934,3.352402918601981e-07
CartographerOk7579,2572,1,2021-06-09 02:50:35,2571,0.00038880248833592535
Nate-doge1,885,1,2017-09-05 15:00:14,884,0.0011299435028248588
SeeMe_After_Class,103563,1,2021-01-19 02:03:35,103562,9.655958209012871e-06
AggravatingCurrency8,1421,1,2020-05-03 07:57:07,1420,0.0007037297677691766
Bilbobagginstreasure,88,1,2021-11-28 17:01:40,87,0.011363636363636364
WhineStomper,29,1,2022-03-20 08:10:51,28,0.034482758620689655
Amally20,327,1,2020-11-30 20:47:44,326,0.0030581039755351682
Indigo_Black24,163,1,2022-01-31 20:07:59,162,0.006134969325153374
slowjetr,42,1,2021-01-27 11:57:00,41,0.023809523809523808
Elvisruth,1035,1,2020-11-10 12:46:02,1034,0.000966183574879227
-Motor-,49551,1,2017-10-31 16:32:12,49550,2.0181227422251823e-05
Sighwtfman,34348,1,2018-10-24 10:08:55,34347,2.9113776639105624e-05
Vodeyodo,631,1,2020-03-28 19:47:37,630,0.001584786053882726
twistedh8,13039,1,2012-05-06 03:26:46,13038,7.669299792928905e-05
droolingalarmist,24230,1,2020-02-07 21:44:06,24229,4.1271151465125874e-05
Gh0st_Pirate_LeChuck,6221,1,2021-01-27 16:56:47,6220,0.00016074586079408456
Chungster03,1472,1,2020-05-01 08:32:03,1471,0.0006793478260869565
YourOldManJoe,256756,1,2020-04-20 18:45:45,256755,3.894748321363473e-06
Ghost_of_P34,39305,1,2020-01-14 11:23:59,39304,2.5442055718102022e-05
SpiffPeters007,2129,1,2020-07-09 09:00:24,2128,0.0004697040864255519
NH_Living_Free,4639,1,2020-11-19 19:43:22,4638,0.0002155636990730761
A-Good-Weather-Man,42575,1,2019-06-21 14:30:01,42574,2.348796241926013e-05
runnysunshinefarts,156,1,2017-01-21 09:28:31,155,0.00641025641025641
soiledsanchez,60425,1,2013-07-20 01:54:39,60424,1.654944145635085e-05
deweydecimal111,4704,1,2021-11-01 21:30:14,4703,0.00021258503401360543
Prairie_drifter,22012,1,2020-11-16 20:11:49,22011,4.5429765582409596e-05
bojinas,5751,1,2018-02-04 19:38:16,5750,0.0001738828029907842
delightedhermit,3689,1,2019-01-15 21:11:41,3688,0.0002710761724044456
iMDirtNapz,27923,1,2017-11-14 10:16:36,27922,3.581277083407943e-05
AutoModerator,1000,1,2012-01-05 00:24:28,999,0.001
wraithtek,608237,1,2010-08-30 18:03:00,608236,1.6440959691699124e-06
Yeeaaaarrrgh,740540,1,2008-12-07 08:01:17,740539,1.3503659491722256e-06
FakeEpistemologist,260876,1,2020-03-23 14:38:34,260875,3.83323878011009e-06
Rieger_not_Banta,29735,1,2021-09-01 14:55:17,29734,3.3630401883302503e-05
Scarlettail,199432,1,2013-08-20 22:32:58,199431,5.014240442857716e-06
JoeDirtsMullet00,62837,1,2018-01-24 11:32:18,62836,1.5914190683832775e-05
Bonny-Mcmurray,100515,1,2019-01-01 15:41:10,100514,9.948763866089638e-06
autotldr,2982936,1,2012-01-30 11:39:40,2982935,3.352401794741825e-07
the_red_scimitar,207518,1,2010-11-05 04:34:52,207517,4.81885908692258e-06
Chunkydude616,23711,1,2019-05-02 11:37:21,23710,4.217451815613006e-05
AthkoreLost,24486,1,2020-07-10 13:19:40,24485,4.0839663481172915e-05
wish1977,240018,1,2021-01-31 09:57:28,240017,4.166354190102409e-06
goatismycopilot,568486,1,2013-06-17 22:27:46,568485,1.7590582705642707e-06
jar36,37976,1,2020-10-04 11:01:13,37975,2.6332420476090162e-05
brithus,47015,1,2012-12-31 12:47:59,47014,2.126980750824205e-05
gellenburg,47379,1,2009-09-08 18:04:11,47378,2.1106397349036494e-05
wraithtek,608238,1,2010-08-30 18:03:00,608237,1.6440932661228007e-06
neoblackdragon,383313,1,2011-01-25 17:31:45,383312,2.6088340338052713e-06
BNsucks,25402,1,2020-08-18 18:57:38,25401,3.9366978978033224e-05
hamsterfolly,256809,1,2020-05-11 17:31:23,256808,3.89394452686627e-06
TheBeTalls,3134,1,2022-02-03 15:01:48,3133,0.0003190810465858328
BigTokes_69,1145,1,2021-09-24 15:53:09,1144,0.0008733624454148472
BadAsBroccoli,43418,1,2020-09-12 14:16:31,43417,2.3031922244230504e-05
FriarNurgle,429377,1,2010-03-30 20:57:54,429376,2.328955672986676e-06
mCharles88,7015,1,2018-12-03 18:44:44,7014,0.00014255167498218105
percy_faucet,15957,1,2021-02-05 00:03:31,15956,6.266842138246537e-05
Mista-Mojo-Rising,138010,1,2022-01-11 00:11:42,138009,7.2458517498731975e-06
SlipperyThong,95443,1,2013-07-25 14:37:43,95442,1.0477457749651624e-05
Bigbird_Elephant,19089,1,2021-12-16 18:25:03,19088,5.2386191000052386e-05
MarkHathaway1,76179,1,2019-04-06 13:12:10,76178,1.3126977250948424e-05
justforthearticles20,241,1,2020-12-14 07:09:03,240,0.004149377593360996
revtim,37194,1,2007-02-18 10:43:45,37193,2.6886056890896382e-05
InclementImmigrant,38275,1,2020-07-10 19:25:01,38274,2.612671456564337e-05
PointsNorth56649,41537,1,2020-10-31 22:58:06,41536,2.407492115463322e-05
BR_Astar,12491,1,2013-07-28 16:50:57,12490,8.005764150188136e-05
Column-V,44984,1,2018-02-20 22:17:23,44983,2.2230126267117197e-05
LordRichteroftheMyst,60345,1,2019-09-14 13:35:24,60344,1.6571381224625074e-05
Ikickhobbits,846,1,2022-02-21 15:09:32,845,0.001182033096926714
DumbDyingRepublicans,227,1,2022-03-20 16:25:03,226,0.004405286343612335
kokkatc,12239,1,2016-10-14 14:10:02,12238,8.170602173380178e-05
ManufacturerLeather7,566,1,2020-08-04 22:53:51,565,0.0017667844522968198
kandras123,25813,1,2018-04-22 19:49:55,25812,3.8740169681943204e-05
OnePointSix2,4187,1,2013-09-10 20:59:18,4186,0.0002388344877000239
Upper_Pie_6097,1610,1,2020-06-21 21:48:46,1609,0.0006211180124223603
lliH-knaH,14928,1,2020-04-01 21:51:21,14927,6.69882100750268e-05
Lostmypants69,19868,1,2013-07-27 15:51:48,19867,5.033219247030401e-05
Chloe-s_mom2020,1044,1,2020-10-13 11:40:49,1043,0.0009578544061302681
ShimmerFaux,12395,1,2016-08-11 07:35:12,12394,8.067769261799113e-05
Torquemahda,23409,1,2012-07-27 01:07:41,23408,4.2718612499466016e-05
TheDrewFitz,-100,1,2021-12-02 16:58:33,-101,-0.01
AttemptHappy3473,4,1,2022-03-08 11:58:12,3,0.25
AttemptHappy3473,4,1,2022-03-08 11:58:12,3,0.25
LiftPlatesEatSteaks,185,1,2021-08-17 13:13:35,184,0.005405405405405406
grinning_man,6231,1,2019-02-28 10:04:20,6230,0.00016048788316482104
ANaziSucksDick,578,1,2022-02-17 15:30:59,577,0.0017301038062283738
pfizerwizer,27,1,2021-11-09 23:44:03,26,0.037037037037037035
fretit,85025,1,2014-12-11 02:44:32,85024,1.1761246692149367e-05
AutoModerator,1000,1,2012-01-05 00:24:28,999,0.001
breakmyheart01,13999,1,2020-06-01 02:35:45,13998,7.143367383384528e-05
ianrl337,189532,1,2013-06-11 18:51:14,189531,5.276153894856805e-06
ImNickValentine,18630,1,2018-08-18 13:14:02,18629,5.367686527106817e-05
McDudles,38277,1,2015-08-11 02:27:52,38276,2.612534942654858e-05
Heavy_Marionberry_66,1932,1,2020-11-28 23:05:14,1931,0.0005175983436853002
SPUDRacer,13907,1,2011-06-02 21:40:03,13906,7.190623427051126e-05
ReverseHoneypot,95386,1,2021-12-16 11:16:21,95385,1.0483718784727318e-05
ProfessorPerfunctory,8527,1,2022-01-15 08:56:02,8526,0.00011727453969743169
M00n,1567812,1,2007-03-06 21:07:15,1567811,6.37831576745171e-07
dronesclubmember,158631,1,2020-07-13 06:18:42,158630,6.303938070112399e-06
trifecta,73200,1,2007-03-14 19:50:23,73199,1.366120218579235e-05
when-you-think,194,1,2021-12-22 07:56:53,193,0.005154639175257732
Tarterus1454,4836,1,2020-12-30 21:12:33,4835,0.00020678246484698098
wraithtek,608238,1,2010-08-30 18:03:00,608237,1.6440932661228007e-06
HopBullet,30317,1,2019-03-08 20:57:18,30316,3.2984794009961406e-05
Lucky_Worth_2348,148,1,2022-03-19 23:55:31,147,0.006756756756756757
TheBeTalls,3135,1,2022-02-03 15:01:48,3134,0.0003189792663476874
nithdurr,26799,1,2011-07-18 15:22:34,26798,3.7314825180044035e-05
DragonPup,832669,1,2011-11-15 17:43:47,832668,1.2009574032418645e-06
waitsfieldjon,16473,1,2008-12-27 09:34:13,16472,6.0705396709767496e-05
Wasteland_Mystic,57981,1,2019-10-10 12:31:20,57980,1.7247029199220433e-05
CoffeeFlavoredSweat,41665,1,2021-05-02 09:32:35,41664,2.4000960038401536e-05
NolanSyKinsley,194776,1,2012-08-23 01:55:07,194775,5.134102764200928e-06
pastalavista2021,1784,1,2021-09-18 19:29:40,1783,0.0005605381165919282
JBredditaccount,37391,1,2016-03-04 16:07:00,37390,2.674440373351876e-05
hamsterfolly,256809,1,2020-05-11 17:31:23,256808,3.89394452686627e-06
Rfalcon13,10892,1,2019-05-15 12:05:12,10891,9.18105031215571e-05
stack_of_ghosts,1591,1,2022-03-09 15:14:23,1590,0.0006285355122564425
lod001,49303,1,2011-01-05 04:09:42,49302,2.0282741415329697e-05
dblan9,432902,1,2010-11-17 14:14:20,432901,2.309991637830271e-06
UnitaryWarringtonCat,66381,1,2021-01-09 17:28:13,66380,1.5064551603621519e-05
rUfvckngKiddingMe,27,1,2021-12-20 18:22:55,26,0.037037037037037035
memberer,6588,1,2016-11-09 23:42:46,6587,0.00015179113539769278
chodem0nster,1368,1,2021-01-30 13:04:43,1367,0.0007309941520467836
Alarmed_Lettuce_3960,232,1,2021-05-09 23:44:11,231,0.004310344827586207
blackhornet03,16213,1,2019-03-16 18:17:34,16212,6.167889964843027e-05
johnnybiggles,402913,1,2013-04-04 18:34:21,402912,2.481925378431572e-06
purkel,1315,1,2012-04-23 20:47:30,1314,0.0007604562737642585
Denali4903,1973,1,2021-01-25 03:01:20,1972,0.0005068423720223011
MyNameIsRay,1022319,1,2012-06-26 17:16:24,1022318,9.78168262548187e-07
natebpunkd,5814,1,2015-02-08 10:59:35,5813,0.0001719986240110079
grambell789,85514,1,2015-08-30 17:23:24,85513,1.1693991627101995e-05
SequinBarkley,48891,1,2018-04-11 07:17:04,48890,2.0453662228221962e-05
tehvolcanic,316898,1,2012-10-27 21:44:21,316897,3.155589495673687e-06
zdweeb,5437,1,2020-06-22 17:13:14,5436,0.0001839249586168843
Jmk1981,94918,1,2012-09-30 21:39:39,94917,1.0535409511367707e-05
BroughtUpright,6259,1,2021-09-24 12:47:22,6258,0.00015976993129892953
Mysterious-Lobster20,14933,1,2022-01-30 17:50:39,14932,6.696578048617156e-05
thekillercook,46653,1,2012-05-07 23:25:56,46652,2.143484877714188e-05
Oscarfan,170837,1,2017-07-13 18:17:24,170836,5.853532899781663e-06
WillowX25,1275,1,2020-03-17 12:33:30,1274,0.000784313725490196
899Madison,3356,1,2020-04-17 08:22:10,3355,0.0002979737783075089
feckingcarnage,3848,1,2020-03-14 12:24:43,3847,0.0002598752598752599
Motor_Somewhere7565,2836,1,2021-01-09 22:06:10,2835,0.0003526093088857546
existential_anxiety_,1613,1,2020-10-01 16:37:13,1612,0.0006199628022318661
kcpistol,60626,1,2008-09-05 00:50:36,60625,1.6494573285389106e-05
CuriosityKillsHer,1152,1,2015-04-16 15:36:11,1151,0.0008680555555555555
tubuwubu,2206,1,2021-12-02 12:43:29,2205,0.00045330915684496827
PeterPantone,3501,1,2021-12-21 14:34:49,3500,0.00028563267637817766
J_Class_Ford,24324,1,2014-08-12 09:46:55,24323,4.1111659266568e-05
PapaDeE04,400,1,2021-12-02 10:44:31,399,0.0025
Brainfreeze10,16675,1,2011-08-03 22:29:58,16674,5.997001499250375e-05
ANaziSucksDick,579,1,2022-02-17 15:30:59,578,0.0017271157167530224
afishda,31111,1,2020-07-27 11:51:31,31110,3.21429719391855e-05
lolitalula,1840,1,2021-12-18 20:49:27,1839,0.0005434782608695652
altmaltacc,227388,1,2020-03-22 16:38:48,227387,4.397769451334283e-06
BrilliantObserver,3852,1,2021-06-27 07:26:30,3851,0.00025960539979231567
h2oape,41396,1,2018-07-03 01:19:49,41395,2.4156923374239057e-05
Gildian,40076,1,2009-11-05 13:26:01,40075,2.4952590078850183e-05
corvina760,1106,1,2020-03-12 14:49:20,1105,0.0009041591320072332
Indrid_Cold23,26414,1,2012-02-26 08:33:26,26413,3.78587112894677e-05
DJ1962,7981,1,2016-12-29 14:25:51,7980,0.0001252975817566721
Jorycle,189922,1,2013-10-11 22:35:22,189921,5.265319446930845e-06
rokaabsa,27245,1,2018-10-21 10:20:38,27244,3.6703982382088455e-05
doddball,2647,1,2013-12-04 19:07:35,2646,0.00037778617302606723
naked_jungle_boi,495,1,2020-08-06 23:47:57,494,0.00202020202020202
Itburns12345,42259,1,2019-01-24 03:16:50,42258,2.3663598286755485e-05
Daikataro,319691,1,2019-06-01 15:31:51,319690,3.1280204947902817e-06
agonypants,24847,1,2020-01-07 15:45:09,24846,4.0246307401295933e-05
frevensakes,103670,1,2019-05-28 23:22:16,103669,9.645992090286486e-06
Nyrfan2017,31255,1,2017-02-06 13:34:22,31254,3.199488081906895e-05
JesterIzDead,28418,1,2016-02-03 14:21:05,28417,3.518896474065733e-05
ufotheater,89049,1,2013-09-04 18:44:12,89048,1.122977237251401e-05
randomcanyon,55621,1,2011-11-15 18:45:22,55620,1.797882094892217e-05
puppy_fan,3094,1,2020-03-08 14:56:23,3093,0.0003232062055591467
AnitcsWyld,21356,1,2020-10-02 17:47:45,21355,4.682524817381532e-05
dimechimes,202836,1,2012-05-24 18:39:53,202835,4.930091305290974e-06
convicted_snob,1396,1,2019-10-25 13:06:11,1395,0.0007163323782234957
grimace24,83440,1,2017-08-17 11:17:34,83439,1.1984659635666346e-05
jadkinssr,2,1,2019-01-29 17:28:08,1,0.5
Choppergold,908997,1,2012-04-11 14:18:57,908996,1.1001136417391916e-06
sugar_addict002,1890,1,2022-01-23 11:00:57,1889,0.0005291005291005291
Beelzabubba,105199,1,2013-10-20 01:11:48,105198,9.505793781309708e-06
Beelzabubba,105199,1,2013-10-20 01:11:48,105198,9.505793781309708e-06
Sea_Success_8523,781,1,2021-12-05 11:22:04,780,0.0012804097311139564
cute_polarbear,23835,1,2015-11-15 23:55:53,23834,4.195510803440319e-05
ejohn916,4018,1,2016-03-18 17:43:38,4017,0.00024888003982080636
imlarrybird,148000,1,2013-12-07 17:31:22,147999,6.756756756756757e-06
fr0z3nf1r3,193230,1,2011-12-13 05:35:27,193229,5.1751798374993535e-06
pebender1966,10336,1,2019-05-23 20:10:42,10335,9.674922600619196e-05
ranman12953,65917,1,2013-12-02 21:50:37,65916,1.517059332190482e-05
Mayhemic-Destruction,6383,1,2020-11-04 12:07:40,6382,0.00015666614444618518
sonofagunn,184504,1,2008-04-28 19:40:28,184503,5.419936695139401e-06
DarkHotline,38450,1,2013-06-27 08:38:15,38449,2.6007802340702212e-05
sfw8580,3543,1,2022-02-07 08:46:20,3542,0.0002822466836014677
RedditMayne,447581,1,2013-04-19 19:33:31,447580,2.23423246295084e-06
Waasookwe,1112,1,2016-03-23 16:04:15,1111,0.0008992805755395684
Wreckoning_mtb,3962,1,2020-06-23 17:44:13,3961,0.0002523977788995457
Holiman,14396,1,2013-07-06 14:42:11,14395,6.94637399277577e-05
blinkdmb,24831,1,2011-08-31 17:13:03,24830,4.0272240344730375e-05
2104gc,1172,1,2021-09-22 01:30:41,1171,0.0008532423208191126
StoissEd,27661,1,2022-02-04 10:12:23,27660,3.615198293626405e-05
ShadowChicken032,181387,1,2018-10-29 15:52:01,181386,5.513074255597149e-06
DarthCredence,44951,1,2018-10-01 21:06:12,44950,2.2246446130230696e-05
SFM_Hobb3s,18164,1,2017-01-04 16:30:27,18163,5.505395287381634e-05
mattyice1095,6195,1,2014-09-14 03:15:16,6194,0.00016142050040355126
Nyrfan2017,31255,1,2017-02-06 13:34:22,31254,3.199488081906895e-05
TattooJerry,57069,1,2016-08-18 11:42:54,57068,1.752264802256917e-05
KingGidorah,9180,1,2014-08-22 10:50:59,9179,0.00010893246187363834
trent58,40963,1,2014-06-30 13:19:16,40962,2.4412274491614384e-05
chrasb,63076,1,2019-01-21 13:39:00,63075,1.585389054473968e-05
lisaherself,1755,1,2020-04-13 23:31:36,1754,0.0005698005698005698
Nyrfan2017,31255,1,2017-02-06 13:34:22,31254,3.199488081906895e-05
thief425,25867,1,2011-12-02 19:58:34,25866,3.8659295627633664e-05
bRandom81,6295,1,2011-06-21 16:28:37,6294,0.00015885623510722796
blackwingsdarkwords,3587,1,2012-09-18 16:29:50,3586,0.00027878449958182325
TheCaveman2022,395,1,2022-03-01 06:45:01,394,0.002531645569620253
CryptoSciGuy,277,1,2021-03-17 12:01:12,276,0.0036101083032490976
TDBear18,8265,1,2018-10-05 03:39:00,8264,0.00012099213551119177
Speculawyer,93930,1,2021-09-12 13:04:45,93929,1.0646225912913872e-05
Far_Manufacturer_713,3574,1,2020-07-12 11:39:29,3573,0.0002797985450475658
Naes422,27995,1,2020-06-28 10:32:57,27994,3.572066440435792e-05
Randomwhitelady2,49788,1,2020-03-06 14:19:50,49787,2.0085161082991887e-05
Upper_Pie_6097,1610,1,2020-06-21 21:48:46,1609,0.0006211180124223603
Cinderpath,24397,1,2019-07-26 15:46:18,24396,4.098864614501783e-05
Opening_Meaning2693,432,1,2020-10-02 01:46:14,431,0.0023148148148148147
texasBillinvermont,966,1,2019-06-02 17:16:47,965,0.0010351966873706005
Ironworker977,515,1,2020-02-24 13:06:38,514,0.001941747572815534
monstersammich,29586,1,2020-05-17 03:16:32,29585,3.37997701615629e-05
groundhog5886,6357,1,2018-01-03 17:53:37,6356,0.00015730690577316344
danmathew,60405,1,2021-08-05 21:45:11,60404,1.655492095025246e-05
PokerTuna,18337,1,2013-11-21 20:40:17,18336,5.453454763592736e-05
valandil74,33147,1,2019-04-02 08:16:23,33146,3.0168642712764353e-05
oldbastardbob,338077,1,2017-01-29 00:54:31,338076,2.95790603915676e-06
DwigtGroot,4876,1,2019-09-22 13:19:42,4875,0.00020508613617719443
PamelaOfMosman,35245,1,2012-03-18 20:17:11,35244,2.8372818839551708e-05
sythingtackle,3184,1,2020-07-15 10:00:19,3183,0.000314070351758794
Wakandan15,3905,1,2018-03-20 15:27:02,3904,0.00025608194622279127
rschmidt624,1261,1,2016-04-13 12:46:51,1260,0.0007930214115781126
TXVotes,-72,1,2016-10-24 11:05:38,-73,-0.013888888888888888
LuckyCaptainCrunch,5650,1,2019-01-09 05:25:20,5649,0.00017699115044247788
timBobman,-39,1,2022-03-03 14:03:11,-40,-0.02564102564102564
dmillerksu,171,1,2013-04-22 16:30:54,170,0.005847953216374269
AutoModerator,1000,1,2012-01-05 00:24:28,999,0.001
coskibum002,7148,347,2022-02-17 12:02:57,6801,0.04854504756575266
Singular_Thought,128109,189,2012-05-13 11:35:54,127920,0.001475306184577196
NealSamuels1967,8143,101,2017-09-24 13:10:38,8042,0.012403291170330346
EgberetSouse,38508,85,2020-08-17 09:28:04,38423,0.0022073335410823726
CognitiveKungFu,1948,75,2020-02-22 18:49:11,1873,0.038501026694045176
Wokharo779945,7,1,2020-10-16 04:28:24,6,0.14285714285714285
MuricanDeathTriangle,65952,1,2013-08-08 23:01:16,65951,1.5162542455118874e-05
j4ngl35,24099,1,2016-08-05 10:46:32,24098,4.149549773849537e-05
smedlap,25080,1,2014-11-19 23:46:09,25079,3.9872408293460924e-05
Goodbadugly16,7733,1,2022-01-13 14:59:04,7732,0.000129315918789603
Automatic-Project997,1949,1,2021-12-28 07:16:01,1948,0.000513083632632119
Utterlybored,89980,1,2011-12-22 16:18:07,89979,1.1113580795732385e-05
everythingyouthink,566,1,2017-06-06 23:26:37,565,0.0017667844522968198
freshkangaroo28,7287,1,2019-08-25 08:54:28,7286,0.00013723068478111705
ithinkitwasmygrandma,36912,1,2017-10-25 00:19:36,36911,2.7091460771564802e-05
2021redditusername,2634,1,2021-01-09 22:21:29,2633,0.00037965072133637056
LiveFreeDieRepeat,30093,1,2019-03-05 17:37:46,30092,3.323031934336889e-05
leon_oswald,50033,1,2014-01-10 22:37:18,50032,1.998680870625387e-05
honuworld,16685,1,2013-05-06 06:05:41,16684,5.993407252022775e-05
ThatDudeJuicebox,7272,1,2015-02-07 01:55:59,7271,0.0001375137513751375
90daylimitedwarranty,2101,1,2021-03-01 12:16:32,2100,0.00047596382674916705
Upper_Pie_6097,1610,1,2020-06-21 21:48:46,1609,0.0006211180124223603
Responsible_Rest_940,25003,1,2020-09-11 22:05:35,25002,3.999520057593089e-05
tailboxer,361,1,2020-01-25 06:25:57,360,0.002770083102493075
littlejohnnyjewel,57947,1,2010-12-10 11:57:03,57946,1.725714877387958e-05
fly4everwild,5000,1,2021-02-01 12:25:19,4999,0.0002
twistedh8,13039,1,2012-05-06 03:26:46,13038,7.669299792928905e-05
JuteWeaver,212,1,2022-02-28 15:57:47,211,0.0047169811320754715
Flying-Bulldog,7082,1,2021-04-08 11:51:49,7081,0.0001412030499858797
chockedup,4101,1,2019-04-02 19:35:04,4100,0.000243842965130456
fhatl,8237,1,2013-02-21 13:44:25,8236,0.00012140342357654485
Emotional-Coffee13,12684,1,2020-11-28 20:18:10,12683,7.883948281299275e-05
alpha69,80958,1,2010-05-28 10:22:15,80957,1.2352083796536475e-05
MGStanley,5454,1,2012-05-28 12:42:38,5453,0.00018335166850018335
Jerk182,3312,1,2018-05-24 22:13:03,3311,0.00030193236714975844
delightedhermit,3689,1,2019-01-15 21:11:41,3688,0.0002710761724044456
Good-Inevitable2872,205,1,2021-08-02 20:53:59,204,0.004878048780487805
sneakylyric,15593,1,2018-05-13 13:43:40,15592,6.413134098634002e-05
SpeakerOfMyMind,18562,1,2018-10-02 13:48:29,18561,5.3873505010235965e-05
Available_Seesaw_947,14468,1,2020-10-30 10:14:27,14467,6.911805363560962e-05
deweydecimal111,4707,1,2021-11-01 21:30:14,4706,0.00021244954323348204
SparkyFlary,-100,-74,2015-10-01 06:49:35,-26,0.74
teacher272,471,1,2019-06-04 22:14:31,470,0.0021231422505307855
ClamshCashino,458,1,2022-03-08 18:52:10,457,0.002183406113537118
eross59,227,1,2020-09-24 22:22:15,226,0.004405286343612335
maddirishjoe12,1,1,2021-05-12 22:48:49,0,1.0
harley2189,1540,1,2021-02-20 17:02:31,1539,0.0006493506493506494
Fallingknives911,-100,1,2022-01-27 16:53:18,-101,-0.01
Fallingknives911,-100,1,2022-01-27 16:53:18,-101,-0.01
AutoModerator,1000,1,2012-01-05 00:24:28,999,0.001
PizzasarusRex,99711,1,2011-12-19 17:26:00,99710,1.0028983763075287e-05
GreatTragedy,392253,1,2010-09-15 14:04:21,392252,2.549375020713672e-06
autotldr,2982943,1,2012-01-30 11:39:40,2982942,3.352393927741831e-07
nomadstonks,5961,1,2021-01-27 16:19:32,5960,0.00016775708773695687
BelugaShenko,4761,1,2021-12-02 23:04:39,4760,0.00021003990758244065
DJGlennW,21482,1,2018-02-26 06:06:30,21481,4.6550600502746487e-05
MostRadiant,460,1,2021-05-14 21:48:02,459,0.002173913043478261
Eastern-Return-8098,290,1,2021-12-26 23:28:31,289,0.0034482758620689655
TrotNixonsGrundle,1005,1,2022-02-10 09:31:18,1004,0.0009950248756218905
when-you-think,194,1,2021-12-22 07:56:53,193,0.005154639175257732
RedditMayne,447581,1,2013-04-19 19:33:31,447580,2.23423246295084e-06
Nopantsdan55,24798,1,2017-04-20 03:49:17,24797,4.032583272844584e-05
Mr_McMrFace,22502,1,2016-05-01 04:28:14,22501,4.4440494178295264e-05
rak1882,85944,1,2013-05-10 14:56:22,85943,1.1635483570697199e-05
pmodizzle,5999,1,2018-07-03 10:02:34,5998,0.0001666944490748458
AggravatingCurrency8,1421,1,2020-05-03 07:57:07,1420,0.0007037297677691766
henryfarts,220,1,2021-05-19 22:52:04,219,0.004545454545454545
greasycomb,14004,1,2015-04-20 11:38:45,14003,7.140816909454442e-05
Budge-O-Matic,39719,1,2013-04-29 20:14:10,39718,2.517686749414638e-05
E_PunnyMous,41318,1,2021-08-21 13:33:14,41317,2.420252674379205e-05
david76,44357,1,2009-02-11 08:34:46,44356,2.2544356020470276e-05
VellDarksbane,48353,1,2015-04-27 22:36:07,48352,2.0681240047153227e-05
ManufacturerLeather7,566,1,2020-08-04 22:53:51,565,0.0017667844522968198
PillowCaseCurtains,22486,1,2019-09-26 13:39:52,22485,4.4472115983278487e-05
EnticHaplorthod,967,1,2019-04-22 11:27:08,966,0.001034126163391934
bg370,50959,1,2007-08-20 17:46:40,50958,1.9623618987813732e-05
neverXmiss,2631,1,2015-01-26 19:51:56,2630,0.0003800836183960471
FirstwetakeDC,12357,1,2016-02-28 01:01:28,12356,8.09257910496075e-05
Upper_Pie_6097,1610,1,2020-06-21 21:48:46,1609,0.0006211180124223603
aidissonance,67717,1,2016-12-15 23:57:52,67716,1.4767340549640416e-05
Phantasius224,38,1,2020-10-28 11:12:12,37,0.02631578947368421
ghazthraka,26878,1,2018-08-07 21:53:16,26877,3.720514919264826e-05
GavinZero,10,1,2018-08-12 00:36:23,9,0.1
Joe-Not-Slow,3402,1,2019-04-30 23:32:18,3401,0.00029394473838918284
life_rips,490,1,2019-11-06 20:16:47,489,0.0020408163265306124
Resident-Associate75,7450,1,2021-01-12 12:04:37,7449,0.00013422818791946307
AutoModerator,1000,1,2012-01-05 00:24:28,999,0.001
davsx69,6347,49,2020-10-19 09:39:38,6298,0.00772018276351032
segvcore,821992,80,2016-12-08 21:07:34,821912,9.732454817078512e-05
free-advice,15833,1,2011-09-17 13:34:13,15832,6.31592244047243e-05
mountaintop111,158602,1,2017-10-18 11:02:30,158601,6.305090730255608e-06
Burnputin,658,1,2022-03-20 05:10:37,657,0.001519756838905775
autotldr,2982943,1,2012-01-30 11:39:40,2982942,3.352393927741831e-07
StrengthDazzling8922,3099,1,2021-01-31 22:09:57,3098,0.00032268473701193933
ShihPoosRule,92279,1,2020-04-29 21:34:27,92278,1.083670174145797e-05
Cool-Protection-4337,12451,1,2020-11-02 18:09:49,12450,8.031483414986748e-05
Vyacheslav_2083,17,1,2022-03-20 11:50:57,16,0.058823529411764705
pfizerwizer,28,1,2021-11-09 23:44:03,27,0.03571428571428571
Dabbler-Deluxe,48266,1,2021-03-17 19:57:26,48265,2.0718518211577508e-05
harley2189,1540,1,2021-02-20 17:02:31,1539,0.0006493506493506494
Hap406,1826,1,2021-03-03 08:08:43,1825,0.000547645125958379
penisvaginapenis69,-100,1,2022-03-02 23:54:00,-101,-0.01
GreyFalcon-OW,12000,1,2017-08-14 00:09:12,11999,8.333333333333333e-05
downonthesecond,21594,1,2015-07-30 17:17:45,21593,4.630915995183848e-05
Squishy4579,11906,1,2020-05-07 08:25:07,11905,8.399126490844952e-05
AutoModerator,1000,1,2012-01-05 00:24:28,999,0.001
wraithtek,608240,1,2010-08-30 18:03:00,608239,1.6440878600552414e-06
AggravatingCurrency8,1421,1,2020-05-03 07:57:07,1420,0.0007037297677691766
TexasITdude71,50393,1,2021-09-11 12:47:09,50392,1.9844025955985952e-05
ImLikeReallySmart,285113,1,2018-01-06 08:56:11,285112,3.507381283911993e-06
WonderMon,11611,1,2018-10-29 11:41:12,11610,8.612522607871846e-05
Fred_Evil,378499,1,2014-08-18 22:27:28,378498,2.642014906248101e-06
DavidB2023,619,1,2022-02-15 11:52:02,618,0.0016155088852988692
Tygirmunkee,13379,1,2019-01-28 08:38:39,13378,7.474400179385604e-05
nthroop1,70934,1,2013-02-20 18:31:43,70933,1.4097611864550145e-05
News2016,84590,1,2016-02-18 16:04:40,84589,1.1821728336682824e-05
ScienceBreather,259105,1,2018-01-29 08:49:21,259104,3.859439223480828e-06
Knight_of_the_Lepus,489991,1,2016-12-25 20:31:43,489990,2.0408538116006214e-06
ReverseHoneypot,95388,1,2021-12-16 11:16:21,95387,1.0483498972617101e-05
winthropsmokewagon,1139,1,2022-03-14 10:34:19,1138,0.000877963125548727
Jekyllhyde,44645,1,2010-07-31 21:01:45,44644,2.2398924851607124e-05
976chip,136115,1,2012-06-01 03:51:13,136114,7.346728868971091e-06
bemeros,4978,1,2014-08-20 08:45:52,4977,0.0002008838891120932
david76,44357,1,2009-02-11 08:34:46,44356,2.2544356020470276e-05
Bodie_The_Dog,19504,1,2018-01-05 19:49:28,19503,5.127153404429861e-05
McDuchess,284558,1,2015-08-18 22:02:54,284557,3.5142220566633163e-06
TrotNixonsGrundle,1004,1,2022-02-10 09:31:18,1003,0.00099601593625498
julbull73,437844,1,2013-04-22 12:14:10,437843,2.283918473246179e-06
CipherDegree,47436,1,2018-12-10 09:57:07,47435,2.1081035500463782e-05
Whthpnd,8678,1,2020-09-26 11:18:36,8677,0.00011523392486748098
opusupo,20232,1,2013-07-23 19:19:02,20231,4.9426650850138396e-05
Not_Drawn_To_Scale,11012,1,2021-09-16 10:25:43,11011,9.081002542680712e-05
njkrut,10042,1,2007-04-08 22:30:10,10041,9.958175662218681e-05
SueZbell,175039,1,2012-05-31 21:04:21,175038,5.713012528636476e-06
PointsNorth56649,41537,1,2020-10-31 22:58:06,41536,2.407492115463322e-05
KingGidorah,9180,1,2014-08-22 10:50:59,9179,0.00010893246187363834
FyrestarOmega,72751,1,2016-11-14 15:41:33,72750,1.3745515525559787e-05
TattooJerry,57069,1,2016-08-18 11:42:54,57068,1.752264802256917e-05
Column-V,44984,1,2018-02-20 22:17:23,44983,2.2230126267117197e-05
mymomdoesmylaundry,7323,1,2018-02-24 23:02:15,7322,0.00013655605626109517
GoldSprue,557,1,2021-12-31 01:43:57,556,0.0017953321364452424
forchimpssake,744,1,2022-02-23 18:27:02,743,0.0013440860215053765
ShimmerFaux,12395,1,2016-08-11 07:35:12,12394,8.067769261799113e-05
danmathew,60405,1,2021-08-05 21:45:11,60404,1.655492095025246e-05
AutoModerator,1000,1,2012-01-05 00:24:28,999,0.001
Top-Pension-564,25680,1,2021-08-18 03:43:22,25679,3.8940809968847354e-05
JoeDirtsMullet00,62842,1,2018-01-24 11:32:18,62841,1.591292447726043e-05
TexasITdude71,50393,1,2021-09-11 12:47:09,50392,1.9844025955985952e-05
dd027503,48812,1,2018-03-22 13:45:53,48811,2.0486765549455053e-05
the_red_scimitar,207518,1,2010-11-05 04:34:52,207517,4.81885908692258e-06
TheNumberMuncher,333836,1,2013-07-23 15:29:29,333835,2.9954828119196253e-06
Oleg101,134450,1,2020-06-11 18:10:29,134449,7.437709185570844e-06
altmaltacc,227388,1,2020-03-22 16:38:48,227387,4.397769451334283e-06
nowhereman136,1529543,1,2013-05-06 02:10:15,1529542,6.537900536303981e-07
HauntingJackfruit,28707,1,2020-01-10 13:34:27,28706,3.4834709304350856e-05
gaymalemillenial,93636,1,2021-11-23 17:02:22,93635,1.0679653124866504e-05
nomorerainpls,74573,1,2018-01-06 12:45:36,74572,1.3409679106378984e-05
Comprehensive-Ad4815,5617,1,2020-09-19 02:51:42,5616,0.00017803097739006588
MaxHSBennieandthJets,20834,1,2018-05-10 22:42:44,20833,4.799846404915043e-05
Old_Cheesecake_5481,14070,1,2021-11-21 01:18:12,14069,7.107320540156361e-05
kdonirb,16212,1,2020-06-07 11:44:20,16211,6.16827041697508e-05
doandthinkPPT,1256,1,2021-05-04 17:34:30,1255,0.0007961783439490446
Dogzilla66,6457,1,2017-03-01 21:14:47,6456,0.00015487068297971194
frostfall010,20810,1,2015-09-11 16:24:20,20809,4.805382027871216e-05
WhiffleBallWaffle,8082,1,2021-11-02 08:13:11,8081,0.00012373174956693887
roscoe_e_roscoe,41241,1,2018-07-15 07:12:52,41240,2.4247714652893965e-05
SumsuchUser,22731,1,2019-10-22 11:47:22,22730,4.399278518322995e-05
Goose_Biscuits,3208,1,2022-03-02 09:41:52,3207,0.0003117206982543641
Repulsive_Mistake_13,363,1,2021-04-26 13:17:44,362,0.0027548209366391185
bryanthebryan,171498,1,2018-09-21 14:40:23,171497,5.830971789758481e-06
msty2k,34695,1,2013-12-19 21:55:22,34694,2.882259691598213e-05
ThaxReston,733,1,2018-08-20 09:41:12,732,0.001364256480218281
PointsNorth56649,41537,1,2020-10-31 22:58:06,41536,2.407492115463322e-05
Emotional-Coffee13,12684,1,2020-11-28 20:18:10,12683,7.883948281299275e-05
TranscedentalMedit8n,14559,1,2021-09-09 21:48:02,14558,6.868603612885501e-05
Agodunkmowm,72708,1,2018-01-25 21:42:46,72707,1.37536447158497e-05
pickanotherusername,5481,1,2011-09-21 22:04:03,5480,0.00018244845831052726
Practical-Artist-915,13859,1,2020-08-05 15:48:08,13858,7.21552781585973e-05
grinning_man,6233,1,2019-02-28 10:04:20,6232,0.00016043638697256537
Own-Chemistry4161,1169,1,2021-05-24 19:05:33,1168,0.000855431993156544
44035,21098,1,2021-10-28 11:43:36,21097,4.7397857616835716e-05
Fantastic_Hawk_3182,318,1,2021-02-25 21:06:58,317,0.0031446540880503146
yamaha2000us,122299,1,2012-11-25 15:09:22,122298,8.176681739016672e-06
AutoModerator,1000,1,2012-01-05 00:24:28,999,0.001
coskibum002,7153,325,2022-02-17 12:02:57,6828,0.04543548161610513
infinitum3d,39396,485,2016-01-24 13:04:18,38911,0.012310894507056554
u2sunnyday,35417,171,2018-04-29 20:24:19,35246,0.0048281898523308015
8to24,746955,79,2019-04-12 16:34:24,746876,0.00010576273001720318
UnitaryWarringtonCat,66381,72,2021-01-09 17:28:13,66309,0.0010846477154607492
DernderMerfflin,6514,14,2021-12-21 07:24:37,6500,0.0021492170709241634
Nadmania,80922,34,2019-01-01 15:56:25,80888,0.00042015768270680406
Byleyme,5707,7,2021-07-18 07:06:54,5700,0.0012265638689328894
whiteyfresh,58406,14,2007-08-27 11:04:00,58392,0.0002397014005410403
kandoras,376135,1,2013-03-20 15:42:32,376134,2.658619910404509e-06
Comprehensive-Ad4815,5617,8,2020-09-19 02:51:42,5609,0.001424247819120527
Cecil-Kain,1914,8,2020-04-03 14:16:39,1906,0.0041797283176593526
astropydevs,4695,3,2019-10-18 13:45:48,4692,0.0006389776357827476
imakeholesinu,163392,5,2011-10-04 11:36:45,163387,3.0601253427340386e-05
PetPsychicDetective,66178,1,2012-04-05 18:56:43,66177,1.5110761884614223e-05
Scotty-Odd-Job,268,1,2022-02-05 19:41:30,267,0.0037313432835820895
CowardiceNSandwiches,48353,1,2013-09-18 20:42:05,48352,2.0681240047153227e-05
billhorsley,23219,6,2021-01-28 10:38:16,23213,0.0002584090615444248
sminthianapollo,811,4,2022-02-18 07:58:33,807,0.004932182490752158
F4il3d,22056,4,2008-10-28 13:29:53,22052,0.00018135654697134566
Boxen_of_Moxen,681,1,2014-12-23 05:37:15,680,0.0014684287812041115
A-rav,9853,1,2013-02-14 16:27:37,9852,0.00010149193139145438
Boiledfootballeather,7089,1,2018-04-05 20:36:15,7088,0.0001410636196924813
tta2013,226252,1,2013-06-10 19:26:30,226251,4.419850432261372e-06
Tautou_,16338,1,2013-02-08 23:14:05,16337,6.120700208103807e-05
BuckRowdy,366315,1,2012-03-29 22:37:10,366314,2.729890940856913e-06
Yams_Garnett,25388,1,2012-04-16 22:06:27,25387,3.938868756893021e-05
leroysolay,63672,1,2009-12-15 20:32:46,63671,1.5705490639527578e-05
Mega-Balls,2055,1,2022-03-16 10:16:44,2054,0.00048661800486618007
justforthearticles20,244,1,2020-12-14 07:09:03,243,0.004098360655737705
thefanciestcat,144458,1,2015-09-15 13:46:24,144457,6.922427279901425e-06
Accomplished-Will359,458,1,2021-07-05 18:44:16,457,0.002183406113537118
Prairie_drifter,22012,1,2020-11-16 20:11:49,22011,4.5429765582409596e-05
Quincyperson,23187,1,2018-04-01 11:15:40,23186,4.312761461163583e-05
mrgraff,28301,1,2018-04-01 01:14:52,28300,3.5334440479135016e-05
kill-69,19576,1,2013-04-22 02:43:58,19575,5.108295872496935e-05
Ancalimei,27188,1,2012-02-09 03:25:49,27187,3.6780932764454905e-05
rUfvckngKiddingMe,27,1,2021-12-20 18:22:55,26,0.037037037037037035
PrideofPicktown,6931,1,2021-06-14 19:00:32,6930,0.00014427932477276007
kandoras,376135,1,2013-03-20 15:42:32,376134,2.658619910404509e-06
Sofa-king-high,20732,1,2021-03-02 23:23:37,20731,4.823461315840247e-05
magelanz,33808,1,2012-09-20 13:33:39,33807,2.9578797917652626e-05
kittygirl7,344,1,2017-07-04 11:19:30,343,0.0029069767441860465
selfdestruct-94,33270,1,2012-08-13 21:09:27,33269,3.0057108506161708e-05
Emotional-Coffee13,12684,1,2020-11-28 20:18:10,12683,7.883948281299275e-05
wolfcaroling,78078,1,2020-05-18 20:17:17,78077,1.2807705115397424e-05
Ultrawhiner,3250,1,2018-12-13 19:32:59,3249,0.0003076923076923077
timBobman,-39,1,2022-03-03 14:03:11,-40,-0.02564102564102564
RebelJudas,20411,1,2020-09-15 23:28:05,20410,4.899318994659742e-05
Sea_Gas_7470,2343,1,2020-10-10 20:33:22,2342,0.0004268032437046522
Phedymp,961,-28,2021-07-14 12:58:23,989,-0.029136316337148804
squireofrnew,45570,0,2012-02-15 22:25:26,45570,0.0
AlaskanSamsquanch,71128,1,2018-01-21 15:35:16,71127,1.4059160949274547e-05
sarcago,7787,1,2018-03-11 22:49:12,7786,0.0001284191601386927
Notsavage19,221,1,2018-10-06 16:06:06,220,0.004524886877828055
kibblestanley,242,1,2016-12-18 10:59:53,241,0.004132231404958678
Correct-Spare-3360,7469,1,2020-12-25 19:48:23,7468,0.00013388673182487614
Disastrous_Pride5119,1239,1,2020-08-04 13:15:36,1238,0.0008071025020177562
SG4LPilgrim,8596,1,2015-09-02 12:25:15,8595,0.00011633317822242904
wkrick,51417,1,2013-04-13 01:15:19,51416,1.944882042904098e-05
williamwchuang,89532,1,2017-04-19 12:47:48,89531,1.1169190903810928e-05
yordles_win,17786,1,2012-11-04 01:23:17,17785,5.622399640166423e-05
Actual__Wizard,247167,1,2018-07-11 19:50:07,247166,4.0458475443728325e-06
BadBrains16,1409,1,2021-07-05 12:17:42,1408,0.0007097232079489
itemNineExists,22840,1,2013-03-02 01:08:50,22839,4.3782837127845886e-05
crewchiefguy,26461,1,2018-11-21 15:30:48,26460,3.779146668682211e-05
Nillacakesta,8767,1,2016-09-02 01:02:22,8766,0.00011406410402646287
ThaxReston,733,1,2018-08-20 09:41:12,732,0.001364256480218281
sarcastroll,170212,1,2014-01-14 12:47:46,170211,5.875026437618969e-06
kremit73,20121,1,2012-06-22 11:28:11,20120,4.969931911932806e-05
Hodaka,140620,1,2012-08-14 12:48:09,140619,7.111363959607453e-06
KinkyKitty24,51335,1,2014-11-03 11:45:04,51334,1.9479887016655304e-05
Upper_Pie_6097,1610,1,2020-06-21 21:48:46,1609,0.0006211180124223603
prettygrimbizness,4766,1,2017-10-30 13:42:54,4765,0.000209819555182543
Crasz,9673,1,2014-05-23 17:40:51,9672,0.00010338054378166029
GummoNation,322,1,2019-06-30 04:01:33,321,0.003105590062111801
Zealousideal-Mud-706,386,1,2021-01-28 19:41:25,385,0.0025906735751295338
thesassygeek,4021,1,2019-06-11 15:51:55,4020,0.0002486943546381497
jamesmangler,475,1,2022-02-07 21:54:10,474,0.002105263157894737
JJiggy13,68315,1,2014-09-03 04:03:29,68314,1.4638073629510356e-05
AutoModerator,1000,1,2012-01-05 00:24:28,999,0.001
TexasITdude71,50392,1,2021-09-11 12:47:09,50391,1.9844419749166535e-05
Excellent-Egg-3157,2949,1,2022-01-23 00:03:27,2948,0.00033909799932180403
incredible_papa,3190,1,2022-03-15 10:32:41,3189,0.00031347962382445143
smedlap,25082,1,2014-11-19 23:46:09,25081,3.986922892911251e-05
Candid_Quantity_2474,31,1,2021-12-20 01:15:07,30,0.03225806451612903
autotldr,2982944,1,2012-01-30 11:39:40,2982943,3.352392803887703e-07
when-you-think,195,1,2021-12-22 07:56:53,194,0.005128205128205128
justforthearticles20,243,1,2020-12-14 07:09:03,242,0.00411522633744856
Fizzyuncle,4224,1,2014-11-27 18:10:18,4223,0.00023674242424242425
PigeonPoop69,416,1,2022-03-17 23:15:25,415,0.002403846153846154
ebow77,123509,1,2014-01-11 15:52:34,123508,8.09657595802735e-06
oldcreaker,421852,1,2016-01-17 10:57:42,421851,2.3704996064970652e-06
thedukeofflatulence,25453,1,2021-01-23 08:25:51,25452,3.928809963462067e-05
wes7946,13608,1,2019-08-21 19:19:28,13607,7.348618459729571e-05
MachineCode86,32042,1,2019-03-13 10:56:52,32041,3.1209038137444604e-05
harley2189,1538,1,2021-02-20 17:02:31,1537,0.0006501950585175553
plantslut20000,14,1,2022-02-24 19:14:47,13,0.07142857142857142
Upper_Pie_6097,1610,1,2020-06-21 21:48:46,1609,0.0006211180124223603
tallhatman,-100,1,2021-01-05 17:29:32,-101,-0.01
jrzalman,33765,1,2011-05-05 01:41:29,33764,2.9616466755516066e-05
oflowz,12974,1,2013-07-29 13:50:00,12973,7.707723138584863e-05
dan5183,1435,1,2011-01-03 09:17:54,1434,0.0006968641114982578
CallM3Doctor,11561,1,2017-02-14 07:32:13,11560,8.649770781074301e-05
Browngeneration7,120,1,2021-04-12 13:23:42,119,0.008333333333333333
BoredToDeathx,4186,1,2016-11-29 13:39:28,4185,0.00023889154323936931
AutoModerator,1000,1,2012-01-05 00:24:28,999,0.001
ANaziSucksDick,580,1,2022-02-17 15:30:59,579,0.0017241379310344827
AlariLeanbow,51709,1,2015-12-12 15:37:52,51708,1.9338993212013383e-05
CGB_Spender,50224,1,2011-03-18 04:49:12,50223,1.9910799617712648e-05
justforthearticles20,244,1,2020-12-14 07:09:03,243,0.004098360655737705
autotldr,2982944,1,2012-01-30 11:39:40,2982943,3.352392803887703e-07
Odd-Albatross6006,1595,1,2021-10-05 02:57:08,1594,0.0006269592476489029
Mythosaurus,269690,1,2012-08-23 12:25:43,269689,3.7079609922503616e-06
BoringWozniak,40524,1,2018-09-22 15:11:35,40523,2.4676734774454645e-05
Milkslinger,926755,1,2012-05-27 09:46:03,926754,1.079033833105837e-06
cybercuzco,766451,1,2012-09-15 10:37:49,766450,1.3047148480463853e-06
Dry-Trust2617,13,1,2022-02-10 22:54:10,12,0.07692307692307693
richardstarr,162,1,2019-05-05 15:52:23,161,0.006172839506172839
AutoModerator,1000,1,2012-01-05 00:24:28,999,0.001
Avant-Garde-A-Clue,64501,1,2014-07-15 09:26:32,64500,1.5503635602548797e-05
wraithtek,608246,1,2010-08-30 18:03:00,608245,1.6440716420658747e-06
GeomtryRex,11111,1,2022-02-28 22:18:16,11110,9.000090000900009e-05
truelogictrust,664,1,2021-10-12 14:26:16,663,0.0015060240963855422
puffin97110,5999,1,2019-07-19 14:36:16,5998,0.0001666944490748458
Rated_PG-Squirteen,486603,1,2017-04-20 16:01:59,486602,2.0550633678789485e-06
smedlap,25082,1,2014-11-19 23:46:09,25081,3.986922892911251e-05
WolverineSanders,47272,1,2017-03-21 12:59:10,47271,2.115417160264004e-05
Comprehensive-Ad4815,5617,1,2020-09-19 02:51:42,5616,0.00017803097739006588
TNlivinvol,11374,1,2020-01-28 09:02:06,11373,8.791981712678038e-05
Superjam83,55680,1,2012-06-05 12:35:24,55679,1.795977011494253e-05
T-rex-Boner,12521,1,2016-03-15 06:23:06,12520,7.986582541330565e-05
samus12345,302513,1,2014-02-06 08:00:28,302512,3.305643063273314e-06
rikitikifemi,5191,1,2020-02-23 22:41:34,5190,0.00019264110961279138
photon45,35972,1,2012-01-02 18:41:33,35971,2.779939953297009e-05
deweydecimal111,4708,1,2021-11-01 21:30:14,4707,0.00021240441801189465
CherryBlaster,28301,1,2013-06-13 13:40:56,28300,3.5334440479135016e-05
byebyebrain,35520,1,2013-04-09 15:32:47,35519,2.8153153153153154e-05
SomewhatThoughtfulB,16578,1,2021-11-28 07:12:01,16577,6.032090722644468e-05
TexasITdude71,50391,1,2021-09-11 12:47:09,50390,1.9844813557976624e-05
jar36,37977,1,2020-10-04 11:01:13,37976,2.6331727097980358e-05
Burnputin,660,1,2022-03-20 05:10:37,659,0.0015151515151515152
ktka,102219,1,2012-08-01 15:55:13,102218,9.782917070211997e-06
ThatSweetCoffee,9166,1,2021-06-27 11:40:34,9165,0.00010909884355225835
PointsNorth56649,41537,1,2020-10-31 22:58:06,41536,2.407492115463322e-05
PublicSimple,6847,1,2019-12-03 19:27:46,6846,0.0001460493646852636
Voldemort57,239547,1,2017-08-10 21:09:05,239546,4.174546122472834e-06
AggravatingCurrency8,1421,1,2020-05-03 07:57:07,1420,0.0007037297677691766
sznogins,46063,1,2020-03-13 15:37:51,46062,2.1709397998393504e-05
astropydevs,4695,1,2019-10-18 13:45:48,4694,0.00021299254526091586
oldcreaker,421852,1,2016-01-17 10:57:42,421851,2.3704996064970652e-06
PoofBam,71148,1,2011-12-14 02:54:30,71147,1.4055208860403666e-05
MagicalUnicornFart,2398,1,2012-07-17 00:36:00,2397,0.0004170141784820684
horriblemonkey,39713,1,2008-12-22 15:02:28,39712,2.5180671316697303e-05
electricspork,26839,1,2013-08-26 20:15:14,26838,3.7259212340251126e-05
TreTrepidation,20122,1,2017-02-25 00:20:25,20121,4.969684921975947e-05
dreamCrush,5473,1,2011-09-30 15:10:56,5472,0.0001827151470856934
NoMoreGQPcultists,13725,1,2022-02-15 15:55:56,13724,7.285974499089253e-05
Grand_Log813,1848,1,2021-04-23 14:53:06,1847,0.0005411255411255411
cute_polarbear,23835,1,2015-11-15 23:55:53,23834,4.195510803440319e-05
hellotrrespie,19545,1,2015-11-04 00:16:35,19544,5.1163980557687386e-05
PM_ME_LADY_ANKLES,32363,1,2020-11-28 12:01:26,32362,3.0899483978617555e-05
sugarlessdeathbear,58894,1,2015-04-28 20:26:54,58893,1.697965836927361e-05
carizzlepants,61,1,2017-02-08 21:29:15,60,0.01639344262295082
TattooJerry,57069,1,2016-08-18 11:42:54,57068,1.752264802256917e-05
skittlebog,7141,1,2013-03-14 13:33:49,7140,0.0001400364094664613
NStanley4Heisman,5666,1,2021-02-24 19:31:32,5665,0.00017649135192375574
chalkoutlin3,23784,1,2013-01-09 03:08:26,23783,4.2045072317524387e-05
letsgoridingyall,14627,1,2022-01-07 16:48:56,14626,6.83667190811513e-05
etchasketch4u,54981,1,2015-06-03 17:11:21,54980,1.818810134410069e-05
Winter-Cup-2965,5644,1,2020-11-03 16:00:19,5643,0.00017717930545712261
krenyx,60716,1,2015-10-07 01:04:39,60715,1.647012319652151e-05
khamike,17462,1,2015-08-16 21:35:03,17461,5.7267208796243274e-05
Sofa-king-high,20732,1,2021-03-02 23:23:37,20731,4.823461315840247e-05
jeremyaden,1972,1,2017-04-03 02:25:04,1971,0.0005070993914807302
Paddlesons,97550,1,2010-07-13 17:23:53,97549,1.0251153254741158e-05
HGpennypacker,320185,1,2011-04-20 14:20:36,320184,3.1231944032356295e-06
AutoModerator,1000,1,2012-01-05 00:24:28,999,0.001
Flimsy-Thanks236,1597,1,2020-12-29 13:28:38,1596,0.0006261740763932373
paulfromatlanta,522992,1,2009-10-16 23:54:33,522991,1.91207513690458e-06
nithdurr,26799,1,2011-07-18 15:22:34,26798,3.7314825180044035e-05
windingtime,209945,1,2015-01-13 21:37:31,209944,4.763152254161805e-06
true-skeptic,81365,1,2020-02-20 22:27:30,81364,1.2290296810667977e-05
Joe-Not-Slow,3405,1,2019-04-30 23:32:18,3404,0.0002936857562408223
Joe-Not-Slow,3405,1,2019-04-30 23:32:18,3404,0.0002936857562408223
Upper_Pie_6097,1610,1,2020-06-21 21:48:46,1609,0.0006211180124223603
PrudentView501,228,1,2022-01-15 11:28:42,227,0.0043859649122807015
tallhatman,-100,1,2021-01-05 17:29:32,-101,-0.01
AutoModerator,1000,1,2012-01-05 00:24:28,999,0.001
upfromashes,34348,1,2020-03-14 11:33:31,34347,2.9113776639105624e-05
virus_apparatus,16475,1,2020-06-26 15:02:15,16474,6.069802731411229e-05
Jaget80,50,1,2020-11-05 13:30:56,49,0.02
riotacting,140622,1,2014-04-29 14:50:44,140621,7.11126281805123e-06
nuffced,12557,1,2011-12-02 10:09:56,12556,7.963685593692761e-05
noeagle77,55325,1,2019-11-02 21:48:17,55324,1.8075011296882062e-05
lianehunter,2547,1,2012-03-21 00:39:52,2546,0.00039261876717707107
Dry-Trust2617,13,1,2022-02-10 22:54:10,12,0.07692307692307693
King-of-Vapes,103,1,2016-12-18 12:39:02,102,0.009708737864077669
RockMeIshmael,20836,1,2013-10-16 18:36:36,20835,4.799385678633135e-05
Alert-Manager2452,112,1,2020-07-11 12:46:18,111,0.008928571428571428
ThaxReston,733,1,2018-08-20 09:41:12,732,0.001364256480218281
true-skeptic,81365,1,2020-02-20 22:27:30,81364,1.2290296810667977e-05
f1shJ3rkey,3256,1,2020-07-30 23:51:16,3255,0.0003071253071253071
AutoModerator,1000,1,2012-01-05 00:24:28,999,0.001
Long_Before_Sunrise,374379,1,2018-12-14 18:09:41,374378,2.67108999169291e-06
supergreen26,70775,1,2018-07-03 07:29:08,70774,1.4129282938890851e-05
when-you-think,201,1,2021-12-22 07:56:53,200,0.004975124378109453
OfficialWhistle,78625,1,2011-07-14 17:49:31,78624,1.2718600953895072e-05
fellowuscitizen,60546,1,2018-10-31 11:29:55,60545,1.6516367720410927e-05
justforthearticles20,244,1,2020-12-14 07:09:03,243,0.004098360655737705
wish1977,240028,1,2021-01-31 09:57:28,240027,4.166180612261903e-06
Warritz,35,1,2022-02-02 18:58:54,34,0.02857142857142857
autotldr,2982945,1,2012-01-30 11:39:40,2982944,3.3523916800343284e-07
If_you_ban_me_I_win,75080,1,2020-01-21 11:14:55,75079,1.3319126265316994e-05
BoringWozniak,40524,1,2018-09-22 15:11:35,40523,2.4676734774454645e-05
Upper_Pie_6097,1610,1,2020-06-21 21:48:46,1609,0.0006211180124223603
AutoModerator,1000,1,2012-01-05 00:24:28,999,0.001
InsomniaticWanderer,261615,1,2017-07-17 03:56:09,261614,3.822410794488083e-06
CrotalusHorridus,580863,1,2013-12-12 05:35:04,580862,1.7215763441637701e-06
biebster_or_die,8037,1,2016-10-26 14:41:04,8036,0.00012442453651860148
greg_botts,2301,1,2019-06-10 11:34:39,2300,0.000434593654932638
rascible,14208,1,2022-01-10 21:13:14,14207,7.038288288288288e-05
justforthearticles20,244,1,2020-12-14 07:09:03,243,0.004098360655737705
sherbodude,154102,1,2018-07-12 19:42:45,154101,6.489208446353714e-06
danielsingleton77,835,1,2016-03-22 00:23:18,834,0.0011976047904191617
TrabingNormDoog,47,1,2022-01-07 09:17:25,46,0.02127659574468085
Scarlettail,199430,1,2013-08-20 22:32:58,199429,5.014290728576443e-06
Beforemath,125805,1,2015-08-29 21:42:37,125804,7.948809665752554e-06
Lockedgroove666,920,1,2022-02-18 09:10:24,919,0.0010869565217391304
Erasmus_Tycho,72979,1,2014-12-17 15:12:35,72978,1.3702571972759287e-05
kyflyboy,24732,1,2013-05-22 15:39:18,24731,4.0433446546983666e-05
TomArashikage,4086,1,2022-02-09 12:08:13,4085,0.0002447381302006853
Intelligent-Mud1437,4388,1,2021-03-10 19:10:24,4387,0.00022789425706472196
xbef,2017,1,2011-06-12 19:57:11,2016,0.0004957858205255329
2020hatesyou,7883,1,2020-08-17 10:56:21,7882,0.00012685525815045033
AntelopeAny3703,2909,1,2020-12-03 01:42:51,2908,0.00034376074252320387
pinkyandthegains,468,1,2020-04-13 17:03:05,467,0.002136752136752137
jeffinRTP,385485,1,2012-08-21 13:12:02,385484,2.59413466153028e-06
Blackfire01001,14358,1,2019-01-26 22:02:41,14357,6.964758322886195e-05
Browngeneration7,119,1,2021-04-12 13:23:42,118,0.008403361344537815
levimg17,15,1,2020-07-24 11:14:06,14,0.06666666666666667
iamnick817,12462,1,2019-01-05 20:45:32,12461,8.024394158241052e-05
gottasmokethemall,4926,1,2016-01-28 18:49:55,4925,0.00020300446609825416
Qaju,9699,1,2014-10-29 00:01:45,9698,0.00010310341272296113
Conscious_Tourist163,16,1,2021-06-03 20:27:15,15,0.0625
Nightstorm_NoS,5088,1,2018-01-05 09:16:15,5087,0.00019654088050314466
ManufacturerExtra134,650,1,2021-07-05 13:36:57,649,0.0015384615384615385
Business-Tie-9393,654,1,2021-10-09 18:14:19,653,0.0015290519877675841
Fun_Albatross_8558,2228,1,2021-06-11 22:30:56,2227,0.0004488330341113106
Riokaii,21747,1,2017-04-26 03:45:36,21746,4.598335402584265e-05
AutoModerator,1000,1,2012-01-05 00:24:28,999,0.001
KingDorkFTC,8387,1,2015-01-09 21:47:35,8386,0.0001192321449862883
angrypoliticsposter,97584,1,2020-02-26 13:14:52,97583,1.0247581570749304e-05
DragonPup,832675,1,2011-11-15 17:43:47,832674,1.2009487495121146e-06
shu3k,25490,1,2018-12-09 11:46:32,25489,3.9231071008238526e-05
OnlineDebate,10119,1,2022-02-03 15:40:11,10118,9.882399446585631e-05
pootis_panser_here,35212,1,2018-11-18 21:30:13,35211,2.8399409292286722e-05
Significant-Suit-593,506,1,2021-02-28 18:09:45,505,0.001976284584980237
NewUserNameSameError,1451,1,2020-10-31 23:36:23,1450,0.0006891798759476223
ququx,5884,1,2018-09-08 14:00:02,5883,0.0001699524133242692
sedatedlife,439750,1,2015-03-28 12:51:09,439749,2.274019329164298e-06
LittleMarco,23104,1,2016-03-03 21:21:51,23103,4.3282548476454294e-05
ScienceBreather,259113,1,2018-01-29 08:49:21,259112,3.85932006499095e-06
M00n,1567812,1,2007-03-06 21:07:15,1567811,6.37831576745171e-07
StillRutabaga4,4767,1,2019-06-07 22:56:03,4766,0.00020977554017201594
rodsteel2005,79202,1,2010-04-05 20:25:26,79201,1.262594378929825e-05
GammaRaystogo,1980,1,2021-11-22 18:45:03,1979,0.000505050505050505
I_try_compute,66639,1,2015-06-30 13:57:04,66638,1.5006227584447546e-05
justforthearticles20,244,1,2020-12-14 07:09:03,243,0.004098360655737705
phantomjm,103184,1,2011-08-18 12:54:15,103183,9.69142502713599e-06
accountabilitycounts,760224,1,2015-08-13 17:01:21,760223,1.3154017763185587e-06
First-Funnies,5836,1,2020-12-20 08:47:25,5835,0.00017135023989033586
Gerldinee,1637,1,2022-02-10 13:31:16,1636,0.0006108735491753207
Mean_N_Clean,150,1,2017-09-12 11:53:24,149,0.006666666666666667
Jeffersons_Mammoth,478265,1,2018-05-23 11:23:01,478264,2.090891033213804e-06
TwistedMemories,47733,1,2013-03-05 17:48:49,47732,2.094986696834475e-05
kthulhu666,196318,1,2013-10-01 12:53:52,196317,5.093776423965199e-06
PsychologicalGain298,10317,1,2020-10-21 17:32:13,10316,9.69274013763691e-05
Seeksp,6666,1,2019-11-16 17:24:36,6665,0.00015001500150015003
josiahpapaya,93376,1,2011-08-10 00:09:47,93375,1.0709389993145991e-05
Krytos,10209,1,2011-04-08 23:51:39,10208,9.795278675678323e-05
Automatic-Project997,1949,1,2021-12-28 07:16:01,1948,0.000513083632632119
MassholeLiberal56,985,1,2020-02-18 16:49:25,984,0.0010152284263959391
disasterbot,123391,1,2009-12-07 02:17:32,123390,8.104318791483982e-06
GrandmaSweat,9,1,2021-01-10 12:42:29,8,0.1111111111111111
firstknivesclub,23868,1,2015-03-27 20:57:49,23867,4.1897100720630135e-05
Terrible-Wrangler-32,1121,1,2021-08-18 16:35:44,1120,0.0008920606601248885
tinacat933,405531,1,2015-03-22 18:59:45,405530,2.465902730000912e-06
woodenblinds,2154,1,2008-09-06 07:28:31,2153,0.00046425255338904364
Krytos,10209,1,2011-04-08 23:51:39,10208,9.795278675678323e-05
EmeraldTriage,17224,1,2020-11-24 23:24:59,17223,5.8058522991175105e-05
CCV21,146228,1,2015-02-17 21:17:18,146227,6.838635555433979e-06
ph30nix01,145379,1,2016-07-17 14:48:37,145378,6.878572558622635e-06
poundofbeef16,28326,1,2019-03-14 15:16:02,28325,3.5303254960107325e-05
IAm_TRW,767,1,2017-09-05 18:02:20,766,0.001303780964797914
limbodog,514237,1,2011-09-21 11:47:15,514236,1.9446286439910004e-06
hanSWOLo877,5225,1,2021-12-25 09:50:50,5224,0.00019138755980861245
Injest_alkahest,49801,1,2016-08-17 16:57:43,49800,2.007991807393426e-05
MRVANCLEAVEREDDIT,11968,1,2012-12-30 22:21:17,11967,8.355614973262032e-05
soline,219708,1,2011-10-17 08:54:44,219707,4.5514956214612125e-06
flippin_ruckus,553,1,2021-07-29 15:13:07,552,0.0018083182640144665
Secretguy91,1883,1,2015-11-20 10:39:00,1882,0.0005310674455655868
Jesusrapesme,2025,1,2020-12-26 23:55:45,2024,0.0004938271604938272
Annahsbananas,92614,1,2014-04-28 17:42:41,92613,1.0797503617163712e-05
linuxphoney,201004,1,2014-06-13 08:50:38,201003,4.9750253726294005e-06
No_Inside3993,-9,1,2020-11-06 15:23:52,-10,-0.1111111111111111
AutoModerator,1000,1,2012-01-05 00:24:28,999,0.001
hskfmn,136343,1,2011-02-01 11:59:09,136342,7.334443279082901e-06
iHeartHockey31,158411,1,2013-09-08 17:29:35,158410,6.312692931677724e-06
11thstalley,69970,1,2019-08-17 15:16:34,69969,1.4291839359725597e-05
TexasITdude71,50391,1,2021-09-11 12:47:09,50390,1.9844813557976624e-05
bunkscudda,338183,1,2011-05-10 07:25:36,338182,2.956978913783366e-06
ReverseHoneypot,95390,1,2021-12-16 11:16:21,95389,1.048327916972429e-05
Former-Counter-9588,14412,1,2020-12-10 23:08:42,14411,6.938662225922843e-05
run1792,825,1,2019-12-16 21:28:52,824,0.0012121212121212121
antsinmypants3,1853,1,2020-06-22 12:33:40,1852,0.0005396654074473826
xstegosaurusx,90478,1,2010-04-11 10:53:15,90477,1.1052410530736754e-05
7th-Street,12679,1,2019-12-13 19:34:32,12678,7.887057338906853e-05
stoic50,3884,1,2017-06-18 15:34:29,3883,0.00025746652935118434
Erasmus_Tycho,72979,1,2014-12-17 15:12:35,72978,1.3702571972759287e-05
44035,21098,1,2021-10-28 11:43:36,21097,4.7397857616835716e-05
Krishnath_Dragon,171539,1,2011-09-06 13:41:46,171538,5.829578113431931e-06
TheBeTalls,3137,1,2022-02-03 15:01:48,3136,0.000318775900541919
bishpa,218268,1,2016-04-27 19:00:07,218267,4.581523631498891e-06
nunovyabidness,644,1,2021-08-24 19:33:58,643,0.0015527950310559005
BoltTusk,71408,1,2021-03-24 15:43:50,71407,1.4004033161550527e-05
MaligatorMom2,1228,1,2021-09-29 21:23:42,1227,0.0008143322475570033
Dogzilla66,6457,1,2017-03-01 21:14:47,6456,0.00015487068297971194
endorrawitch,44991,1,2017-12-21 11:20:23,44990,2.2226667555733368e-05
harley2189,1537,1,2021-02-20 17:02:31,1536,0.0006506180871828237
AutoModerator,1000,1,2012-01-05 00:24:28,999,0.001
rare_pooper,52738,1,2019-06-11 07:21:26,52737,1.896165952444158e-05
thought_first,273356,1,2019-04-30 16:22:15,273355,3.6582332196842212e-06
GreatTragedy,392260,1,2010-09-15 14:04:21,392259,2.549329526334574e-06
ScotchandSadness88,3465,1,2020-11-26 09:45:36,3464,0.0002886002886002886
wish1977,240030,1,2021-01-31 09:57:28,240029,4.166145898429363e-06
baddidea,8191,1,2012-08-29 18:32:52,8190,0.00012208521548040532
YakkitySmakkityDo,2736,1,2022-03-13 17:23:56,2735,0.0003654970760233918
sillyblanco,69836,1,2014-05-24 17:26:17,69835,1.4319262271607767e-05
theindependentonline,21591,1,2017-09-08 10:58:44,21590,4.63155944606549e-05
CommitteeOfOne,112262,1,2012-09-21 15:25:53,112261,8.907733694393473e-06
Onautopilotsendhelp,8500,1,2019-05-13 13:25:08,8499,0.00011764705882352942
fowlraul,464084,1,2013-09-10 15:40:07,464083,2.154782323889641e-06
Environmental-Hat721,4367,1,2021-06-21 13:47:15,4366,0.0002289901534234028
PibRm,7184,1,2013-01-01 18:06:35,7183,0.00013919821826280623
Betaruin,731,1,2019-11-07 21:24:36,730,0.0013679890560875513
oflowz,12974,1,2013-07-29 13:50:00,12973,7.707723138584863e-05
Captain_Wompus,39754,1,2015-12-03 16:42:30,39753,2.515470141369422e-05
schrod,17109,1,2008-08-29 10:54:56,17108,5.844876965339879e-05
Nothing_Easy38,54,1,2021-10-19 16:12:14,53,0.018518518518518517
Seeksp,6666,1,2019-11-16 17:24:36,6665,0.00015001500150015003
Comprehensive-Ad4815,5617,1,2020-09-19 02:51:42,5616,0.00017803097739006588
Mattyboy064,32600,1,2015-03-27 11:17:41,32599,3.067484662576687e-05
wormee,65908,1,2013-01-18 10:51:31,65907,1.5172664926867755e-05
Anaxamenes,101109,1,2013-03-08 16:58:18,101108,9.890316391221355e-06
cockroach74,1437,1,2020-06-11 21:41:47,1436,0.0006958942240779402
grimdasosa,702,1,2022-03-02 19:46:45,701,0.0014245014245014246
jeddythree,3075,1,2015-07-26 15:51:16,3074,0.0003252032520325203
ElectricCharlie,60012,1,2012-10-25 13:34:37,60011,1.6663333999866694e-05
deadeyeAZ,26002,1,2012-09-28 17:22:15,26001,3.845858010922237e-05
joestanh,130,1,2020-09-24 17:48:14,129,0.007692307692307693
Joe-Not-Slow,3405,1,2019-04-30 23:32:18,3404,0.0002936857562408223
Grand_Log813,1849,1,2021-04-23 14:53:06,1848,0.0005408328826392645
Browngeneration7,118,1,2021-04-12 13:23:42,117,0.00847457627118644
zdweeb,5436,1,2020-06-22 17:13:14,5435,0.0001839587932303164
AutoModerator,1000,1,2012-01-05 00:24:28,999,0.001
PhilipLiptonSchrute,608839,1,2018-03-20 18:22:25,608838,1.6424703410918157e-06
Moos_Mumsy,359558,1,2012-06-21 18:48:47,359557,2.781192464080899e-06
zhobelle,190755,1,2017-02-06 12:49:46,190754,5.242326544520458e-06
Simmery,154949,1,2015-05-14 16:20:45,154948,6.453736390683386e-06
dun-ado,10959,1,2022-01-11 17:44:12,10958,9.124920156948626e-05
itsmyfirsttimegoeasy,278239,1,2018-03-24 15:56:21,278238,3.59403246848932e-06
Wolfy4226,15648,1,2016-12-19 06:46:56,15647,6.390593047034765e-05
NoFunHere,696638,1,2013-07-03 13:52:07,696637,1.4354657655769568e-06
SomerAllYear,782,1,2021-08-17 22:52:39,781,0.0012787723785166241
goldsweetiegirl,595,1,2020-12-16 15:33:54,594,0.0016806722689075631
lSazedl,4174,1,2018-04-07 15:08:58,4173,0.00023957834211787255
autotldr,2982947,1,2012-01-30 11:39:40,2982946,3.3523894323298404e-07
Bubbagumpredditor,86590,1,2021-08-03 09:47:41,86589,1.1548677676406051e-05
Hartagon,69304,1,2014-12-04 01:21:37,69303,1.4429181576820962e-05
No-Pangolin6062,82,1,2021-01-30 03:13:57,81,0.012195121951219513
Mysterious-Lobster20,14932,1,2022-01-30 17:50:39,14931,6.69702652022502e-05
yeahbeenthere,20732,1,2019-04-22 17:48:44,20731,4.823461315840247e-05
StoopidDingus69,7828,1,2021-02-04 11:30:10,7827,0.00012774655084312725
UrLordSterculiusRain,2500,1,2022-01-08 10:22:29,2499,0.0004
Scarlettail,199430,1,2013-08-20 22:32:58,199429,5.014290728576443e-06
Star-K,77299,1,2015-07-24 15:25:45,77298,1.2936777966079769e-05
grandmawaffles,4493,1,2021-05-04 12:22:49,4492,0.00022256843979523704
AutoModerator,1000,1,2012-01-05 00:24:28,999,0.001
regretfulcrap,4533,3366,2017-08-01 04:27:18,1167,0.7425545996029119
VictorZiblis,240440,4066,2017-11-15 17:35:40,236374,0.016910663783064384
brownbranch76,51518,1971,2017-08-20 19:40:13,49547,0.03825847276679995
Etna_No_Pyroclast,228719,591,2018-01-23 22:57:18,228128,0.0025839567329342993
Peteys93,36947,334,2013-12-02 12:12:35,36613,0.009039976182098682
wastingtoomuchthyme,417898,52,2015-02-17 15:40:08,417846,0.0001244322777328439
TerranOrDie,12928,640,2014-06-05 19:11:14,12288,0.04950495049504951
newfrontier58,51111,140,2016-05-19 19:01:44,50971,0.0027391363894269335
Threesqueemagee,2672,47,2021-01-28 10:37:04,2625,0.017589820359281437
sedatedlife,439751,286,2015-03-28 12:51:09,439465,0.0006503680491914743
isinedupcuzofrslash,54608,26,2020-06-11 15:32:46,54582,0.00047612071491356575
DilliciousPrickle,18191,23,2022-01-24 21:45:22,18168,0.0012643614974437909
ma582,41708,102,2012-03-21 19:13:57,41606,0.0024455739906013236
Ninja_Trash_Panda,710,20,2022-02-20 17:57:17,690,0.028169014084507043
fyuhkuydyhfjj,321,213,2022-03-13 13:03:11,108,0.6635514018691588
orcinyadders,10664,16,2021-07-24 01:35:16,10648,0.0015003750937734434
blankblank,123491,15,2009-09-17 21:49:14,123476,0.00012146634167672139
jdub519,12705,80,2015-07-02 17:34:11,12625,0.006296733569460842
Cats_Cameras,42820,42,2020-07-11 20:26:11,42778,0.0009808500700607193
jt19912009,53451,12,2018-08-29 15:19:15,53439,0.00022450468653533142
SinisterDexterity,3500,11,2012-01-25 14:10:41,3489,0.003142857142857143
Ancient-Button8025,378,11,2021-01-29 21:20:11,367,0.0291005291005291
aquarain,655804,23,2013-04-10 00:14:45,655781,3.50714542759727e-05
RJP4420,1027,8,2014-09-19 15:22:38,1019,0.007789678675754625
pauliesfreakin,105538,29,2011-05-02 19:06:27,105509,0.0002747825427807993
90daylimitedwarranty,2103,40,2021-03-01 12:16:32,2063,0.019020446980504042
plastic_reality-64,1831,7,2022-01-15 23:57:22,1824,0.0038230475150191155
worldtrooper,8667,5,2013-04-02 00:48:17,8662,0.0005769008884273682
dchawes2,3131,5,2020-04-09 02:58:42,3126,0.0015969338869370809
TheVirginVibes,3414,6,2013-09-11 18:21:45,3408,0.0017574692442882249
Jerk182,3312,6,2018-05-24 22:13:03,3306,0.0018115942028985507
Bleezy79,44688,4,2011-11-09 17:41:23,44684,8.950948800572861e-05
es84,138000,5,2014-03-27 13:29:24,137995,3.6231884057971014e-05
cmfreeman,12010,13,2016-06-09 19:48:19,11997,0.0010824313072439634
bluelifesacrifice,18840,13,2020-10-22 01:07:50,18827,0.0006900212314225053
TSmotherfuckinA,145687,3,2018-02-02 23:36:50,145684,2.0592091264148483e-05
iamthedumbestguyever,-5,4,2022-02-12 11:12:36,-9,-0.8
Barlight,25043,3,2010-08-15 11:42:22,25040,0.0001197939543984347
EmeraldTriage,17224,4,2020-11-24 23:24:59,17220,0.00023223409196470042
148637415963,5987,4,2021-01-03 08:46:16,5983,0.0006681142475363287
Milehijones70,319,5,2020-09-15 12:52:52,314,0.01567398119122257
ThatShadyJack,54660,3,2014-12-08 12:05:07,54657,5.48847420417124e-05
Nthepeanutgallery,29750,4,2019-09-03 08:11:10,29746,0.00013445378151260505
Benchen70,22867,5,2013-10-18 21:49:28,22862,0.00021865570472733633
lostpawn13,18414,10,2021-10-26 22:52:25,18404,0.0005430650591940915
OllieQ25,79873,12,2020-11-12 10:10:26,79861,0.0001502385036245039
sheezy520,88507,10,2020-05-06 17:13:57,88497,0.00011298541358310642
altmaltacc,227388,14,2020-03-22 16:38:48,227374,6.156877231867996e-05
Oceans_sleep,40773,10,2020-06-28 17:02:23,40763,0.0002452603438550021
true-skeptic,81367,10,2020-02-20 22:27:30,81357,0.00012289994715302272
Mettlesome_Inari,6409,13,2019-04-05 09:44:08,6396,0.002028397565922921
iwweitlat,816,10,2021-12-14 01:54:13,806,0.012254901960784314
---Blix---,27072,3,2017-08-31 17:43:53,27069,0.00011081560283687943
Still-a-VWfan,11691,3,2016-04-08 23:44:58,11688,0.00025660764690787786
PossibleHypeMan,9517,3,2021-12-02 08:29:23,9514,0.00031522538615109805
Most_Advance1,2188,3,2021-03-11 13:03:22,2185,0.0013711151736745886
hyjnx,9624,3,2012-10-15 16:30:07,9621,0.0003117206982543641
gargully,37811,3,2014-11-11 05:20:48,37808,7.934199042606649e-05
notDannordaMan,748,3,2018-01-23 20:49:52,745,0.004010695187165776
Positive-Pack-396,4323,3,2020-10-22 10:07:18,4320,0.0006939625260235947
ContextSwitchKiller,7597,3,2021-01-26 22:03:40,7594,0.0003948927208108464
Humble-Algea3616,296,3,2021-12-30 22:12:34,293,0.010135135135135136
Timelymanner,95458,3,2013-01-15 00:38:36,95455,3.142743405476754e-05
gasahold,61698,11,2019-02-09 14:40:11,61687,0.00017828778890725794
Worduptothebirdup,63108,12,2012-12-27 14:32:08,63096,0.00019015021867275147
trillabyte,223051,16,2015-08-20 17:03:59,223035,7.173247373918969e-05
Rated_PG-Squirteen,486603,7,2017-04-20 16:01:59,486596,1.438544357515264e-05
DTFlash,101753,7,2012-10-22 22:41:31,101746,6.879404047055123e-05
luckykobold,83410,6,2010-03-24 15:04:22,83404,7.1933820884786e-05
D-Noch,29216,4,2013-05-22 17:53:48,29212,0.00013691128148959474
mild-hot-fire,23418,2,2020-06-06 10:18:19,23416,8.540438978563499e-05
claito_nord,9467,2,2017-05-20 12:41:34,9465,0.00021126016689553185
talltree1971,15906,2,2010-09-20 10:58:40,15904,0.0001257387149503332
PeterPenguin69,5420,2,2020-07-29 14:33:14,5418,0.00036900369003690036
kafkadre,57136,2,2011-10-04 13:13:24,57134,3.500420050406049e-05
Suspicious_Bar9612,76,2,2020-08-19 00:10:17,74,0.02631578947368421
usuallyNotInsightful,21616,2,2021-05-06 16:41:23,21614,9.25240562546262e-05
hawkrew,7000,2,2018-09-25 23:42:46,6998,0.00028571428571428574
Naytosan,7959,2,2016-01-03 05:00:04,7957,0.00025128785023244125
BigGirlGottaEatToo,2987,2,2019-01-07 15:27:45,2985,0.0006695681285570807
iwidiwin,22062,2,2011-07-01 22:47:04,22060,9.065361254645998e-05
zach4000,2157,2,2009-05-04 11:49:56,2155,0.0009272137227630969
deadfreak99,105,2,2020-02-04 19:42:25,103,0.01904761904761905
TrueConservative001,427,2,2021-04-07 22:38:33,425,0.00468384074941452
No-Court-621,1,2,2021-11-26 04:08:15,-1,2.0
itsjero,59007,2,2010-09-02 20:44:03,59005,3.3894283729049096e-05
leapinleopard,10101,2,2007-07-18 11:07:14,10099,0.000198000198000198
RainbowWeasel,1925,2,2018-10-25 12:19:17,1923,0.001038961038961039
Jmersh,155195,2,2011-02-13 20:42:01,155193,1.2887013112535841e-05
nycinoc,4250,2,2016-11-11 15:36:30,4248,0.00047058823529411766
Humpycatcat,185,2,2021-08-12 06:29:15,183,0.010810810810810811
HEYitzED,104264,2,2013-07-08 17:45:21,104262,1.9182076267935242e-05
New_Tone4928,1020,2,2021-11-04 23:16:11,1018,0.00196078431372549
DeadStringScrolls,5304,2,2021-03-20 23:42:27,5302,0.0003770739064856712
yalogin,83713,2,2009-11-10 19:03:02,83711,2.3891151911889432e-05
skilletwielder,13,2,2022-03-01 01:19:15,11,0.15384615384615385
unbalancedforce,123641,2,2015-07-05 09:54:01,123639,1.6175863993335545e-05
dab9,22688,2,2013-02-05 09:47:20,22686,8.815232722143864e-05
rapack,45,2,2018-09-28 00:52:43,43,0.044444444444444446
PestyNomad,928,2,2020-04-10 18:23:18,926,0.0021551724137931034
weirdoguitarist,20236,2,2019-02-07 20:54:14,20234,9.8833761612967e-05
00010101,27647,2,2014-02-17 10:24:58,27645,7.234057944804138e-05
Wolfman01a,661,2,2021-11-19 21:51:35,659,0.0030257186081694403
FuckAmerica420,-14,2,2022-03-20 05:17:01,-16,-0.14285714285714285
Amortai,1315,2,2018-07-01 16:06:41,1313,0.001520912547528517
klparrot,209015,2,2010-09-04 17:16:58,209013,9.56869124225534e-06
redvariation,23031,2,2018-07-19 19:14:13,23029,8.68394772263471e-05
randscott,29643,2,2017-04-23 14:57:49,29641,6.746955436359343e-05
Valuable_Lobster_615,2154,2,2021-09-29 22:46:14,2152,0.0009285051067780873
romafa,117614,2,2014-11-05 11:42:39,117612,1.7004778342714304e-05
TheReelYukon,1636,2,2021-10-22 01:09:26,1634,0.0012224938875305623
Maester_erryk,60530,2,2014-06-05 22:17:27,60528,3.3041467041136624e-05
Dsullivan777,8259,2,2011-10-15 12:30:44,8257,0.000242160067804819
Oldoldoldman,1104,2,2014-02-22 22:06:52,1102,0.0018115942028985507
Pauti25,13375,2,2019-11-04 02:28:18,13373,0.00014953271028037384
PsychedelicLizard,25340,2,2016-05-04 07:04:57,25338,7.892659826361483e-05
HovercraftOver,40,2,2020-08-17 01:39:43,38,0.05
Thistleknot,21887,2,2007-03-07 11:16:12,21885,9.137844382510166e-05
TNcannabisguy,1541,2,2020-04-22 07:17:46,1539,0.0012978585334198572
Beni_Falafel,1169,2,2014-10-31 06:39:11,1167,0.001710863986313088
QuantumQuantonium,46351,2,2016-06-25 02:51:19,46349,4.31490151237298e-05
BigBrown609,44116,2,2016-02-06 19:41:16,44114,4.533502584096473e-05
3OAM,11423,2,2011-10-25 19:16:04,11421,0.00017508535411012868
DerekStu,72810,2,2011-03-19 13:53:20,72808,2.7468754291992858e-05
walrusdoom,62314,2,2014-08-09 16:54:49,62312,3.2095516256378986e-05
lenchoreddit,1622,2,2019-11-06 07:55:18,1620,0.0012330456226880395
405134,4996,2,2021-05-19 23:58:15,4994,0.00040032025620496394
Still-a-VWfan,11691,2,2016-04-08 23:44:58,11689,0.0001710717646052519
ArtisanJagon,87538,2,2016-03-08 21:40:15,87536,2.2847220635609676e-05
fuzzyfoot88,39454,2,2014-10-26 12:13:49,39452,5.069194504993157e-05
SevereAnxiety_1974,2564,2,2020-09-24 10:06:45,2562,0.00078003120124805
sylsau,143418,2,2013-05-21 15:22:58,143416,1.3945250944790751e-05
Vigorously_Swish,27283,2,2018-05-07 23:53:06,27281,7.330572151156397e-05
bigsignwave,2372,2,2016-10-12 07:19:44,2370,0.0008431703204047217
KittyyKait,439,1,2019-10-17 22:36:42,438,0.002277904328018223
Russypoo2035,157,1,2022-01-01 22:17:12,156,0.006369426751592357
ITriedLightningTendr,222129,1,2017-12-07 00:43:36,222128,4.501888542243471e-06
OTFandAF,4727,1,2021-11-18 08:30:13,4726,0.0002115506663845991
PoolsidePoseidon,4559,1,2018-09-12 00:34:02,4558,0.00021934634788330776
LostAbstract,13020,1,2018-10-18 02:55:29,13019,7.680491551459293e-05
Mickeydawg04,2660,3,2019-10-05 11:29:05,2657,0.0011278195488721805
asupremebeing,19647,3,2014-07-30 10:33:16,19644,0.00015269506794930523
felis_magnetus,42919,4,2019-06-19 09:23:34,42915,9.319881637503204e-05
Horror_Show_Halcyon,2503,5,2019-01-07 21:00:59,2498,0.001997602876548142
80scraicbaby,16854,4,2021-01-29 23:12:36,16850,0.00023733238400379733
jlarsen5860,-57,4,2018-03-21 15:37:19,-61,-0.07017543859649122
Mineobi,36525,3,2016-06-14 19:55:26,36522,8.213552361396303e-05
10teja15,5511,6,2020-07-28 00:40:26,5505,0.0010887316276537834
National_Historian19,-52,4,2021-05-29 07:36:06,-56,-0.07692307692307693
Lupo1369,47,3,2019-05-04 13:53:13,44,0.06382978723404255
AnimalAllusion,6359,2,2021-10-22 21:56:31,6357,0.0003145148608271741
swennergren11,16816,2,2021-08-28 01:41:35,16814,0.00011893434823977165
CoastalAdventur,987,2,2020-07-17 15:17:26,985,0.002026342451874367
26202620,33858,2,2014-06-03 17:42:17,33856,5.9070234508831e-05
projekt33,15245,2,2018-03-11 05:01:07,15243,0.00013119055428009185
Ok-Needleworker2685,2140,2,2022-01-08 19:54:09,2138,0.0009345794392523365
Electronic-Soil-2021,1018,2,2021-10-18 12:33:39,1016,0.0019646365422396855
Rufawana,3283,2,2017-10-18 00:33:49,3281,0.0006091989034419738
frackertack,5629,2,2017-11-15 15:40:41,5627,0.0003553028957186001
Erasmus_Tycho,72981,2,2014-12-17 15:12:35,72979,2.7404392924185746e-05
Esc_ape_artist,292796,-1,2013-03-11 15:55:04,292797,-3.4153472041967787e-06
Caffeine_Cowpies,159950,-15,2018-10-25 17:07:54,159965,-9.377930603313535e-05
